t,i,x,x',x'',e(t),integral(e(t)),d(e(t))/dt
0,1.5001,5.1,-0.114015,-11.4043,-0.1,-0.001,0
0.01,1.5002,5.09886,-0.228058,-11.4166,-0.1,-0.002,0
0.02,1.4718,5.09658,-0.342225,-10.6389,-0.0988598,-0.003,0.114015
0.03,1.43768,5.09316,-0.448614,-9.72834,-0.0965793,-0.0039886,0.228058
0.04,1.39784,5.08867,-0.545897,-8.69303,-0.093157,-0.00495439,0.342225
0.05,1.35422,5.08321,-0.632827,-7.5939,-0.0886709,-0.00588596,0.448614
0.06,1.30756,5.07688,-0.708766,-6.45587,-0.0832119,-0.00677267,0.545897
0.07,1.25861,5.0698,-0.773325,-5.30334,-0.0768836,-0.00760479,0.632827
0.08,1.20806,5.06206,-0.826358,-4.15657,-0.069796,-0.00837363,0.708766
0.09,1.15656,5.0538,-0.867924,-3.03314,-0.0620627,-0.00907159,0.773325
0.1,1.10469,5.04512,-0.898255,-1.94777,-0.0537991,-0.00969221,0.826358
0.11,1.05304,5.03614,-0.917733,-0.912329,-0.0451199,-0.0102302,0.867924
0.12,1.0021,5.02696,-0.926856,0.0640422,-0.0361373,-0.0106814,0.898255
0.13,0.952358,5.01769,-0.926216,0.974773,-0.02696,-0.0110428,0.917733
0.14,0.904217,5.00843,-0.916468,1.81561,-0.0176915,-0.0113124,0.926856
0.15,0.858052,4.99926,-0.898312,2.58434,-0.00842929,-0.0114893,0.926216
0.16,0.814187,4.99028,-0.872469,3.28048,0.000735392,-0.0115736,0.916468
0.17,0.772902,4.98156,-0.839664,3.90493,0.00971851,-0.0115662,0.898312
0.18,0.734437,4.97316,-0.800615,4.45971,0.0184432,-0.011469,0.872469
0.19,0.698996,4.96515,-0.756018,4.94767,0.0268398,-0.0112846,0.839664
0.2,0.666749,4.95759,-0.706541,5.37216,0.034846,-0.0110162,0.800615
0.21,0.637832,4.95053,-0.652819,5.73687,0.0424062,-0.0106678,0.756018
0.22,0.612358,4.944,-0.595451,6.04555,0.0494716,-0.0102437,0.706541
0.23,0.590412,4.93805,-0.534995,6.30187,0.0559998,-0.00974898,0.652819
0.24,0.572057,4.9327,-0.471976,6.50925,0.0619543,-0.00918898,0.595451
0.25,0.557337,4.92798,-0.406884,6.67077,0.0673042,-0.00856944,0.534995
0.26,0.546274,4.92391,-0.340176,6.78904,0.072024,-0.00789639,0.471976
0.27,0.538877,4.92051,-0.272286,6.86616,0.0760928,-0.00717616,0.406884
0.28,0.535133,4.91778,-0.203624,6.90366,0.0794946,-0.00641523,0.340176
0.29,0.535018,4.91575,-0.134588,6.90251,0.0822174,-0.00562028,0.272286
0.3,0.538487,4.9144,-0.0655625,6.86311,0.0842537,-0.00479811,0.203624
0.31,0.54548,4.91374,0.00306866,6.78535,0.0855996,-0.00395557,0.134588
0.32,0.555922,4.91378,0.0709222,6.66862,0.0862552,-0.00309957,0.0655625
0.33,0.569715,4.91448,0.137608,6.51192,0.0862245,-0.00223702,-0.00306866
0.34,0.586746,4.91586,0.202728,6.31395,0.0855153,-0.00137478,-0.0709222
0.35,0.606878,4.91789,0.265867,6.07324,0.0841392,-0.000519625,-0.137608
0.36,0.629954,4.92055,0.326599,5.78827,0.0821119,0.000321767,-0.202728
0.37,0.655793,4.92381,0.384482,5.45763,0.0794532,0.00114289,-0.265867
0.38,0.68419,4.92766,0.439058,5.08022,0.0761872,0.00193742,-0.326599
0.39,0.714914,4.93205,0.489861,4.65538,0.0723424,0.00269929,-0.384482
0.4,0.74771,4.93695,0.536415,4.1831,0.0679518,0.00342272,-0.439058
0.41,0.782296,4.94231,0.578246,3.66419,0.0630532,0.00410223,-0.489861
0.42,0.818364,4.94809,0.614887,3.10042,0.0576891,0.00473277,-0.536415
0.43,0.855585,4.95424,0.645892,2.49471,0.0519066,0.00530966,-0.578246
0.44,0.893606,4.9607,0.670839,1.85117,0.0457578,0.00582872,-0.614887
0.45,0.932055,4.96741,0.68935,1.17519,0.0392988,0.0062863,-0.645892
0.46,0.970548,4.9743,0.701102,0.473466,0.0325905,0.00667929,-0.670839
0.47,1.00868,4.98131,0.705837,-0.246075,0.0256969,0.00700519,-0.68935
0.48,1.04606,4.98837,0.703376,-0.974373,0.0186859,0.00726216,-0.701102
0.49,1.08228,4.99541,0.693633,-1.70141,0.0116276,0.00744902,-0.705837
0.5,1.11695,5.00234,0.676618,-2.41644,0.00459379,0.0075653,-0.703376
0.51,1.14968,5.00911,0.652454,-3.10829,-0.00234253,0.00761124,-0.693633
0.52,1.18011,5.01563,0.621371,-3.76564,-0.00910872,0.00758781,-0.676618
0.53,1.20791,5.02185,0.583715,-4.37743,-0.0156333,0.00749672,-0.652454
0.54,1.23278,5.02768,0.539941,-4.93318,-0.021847,0.00734039,-0.621371
0.55,1.25445,5.03308,0.490609,-5.42336,-0.0276841,0.00712192,-0.583715
0.56,1.27272,5.03799,0.436375,-5.83969,-0.0330835,0.00684508,-0.539941
0.57,1.28742,5.04235,0.377978,-6.17544,-0.0379896,0.00651424,-0.490609
0.58,1.29843,5.04613,0.316224,-6.42562,-0.0423534,0.00613435,-0.436375
0.59,1.30569,5.0493,0.251968,-6.58714,-0.0461331,0.00571081,-0.377978
0.6,1.3092,5.05182,0.186096,-6.65888,-0.0492954,0.00524948,-0.316224
0.61,1.30899,5.05368,0.119508,-6.64164,-0.0518151,0.00475653,-0.251968
0.62,1.30518,5.05487,0.0530911,-6.5381,-0.053676,0.00423838,-0.186096
0.63,1.29789,5.0554,-0.0122899,-6.35266,-0.0548711,0.00370162,-0.119508
0.64,1.28731,5.05528,-0.0758165,-6.09121,-0.055402,0.00315291,-0.0530911
0.65,1.27368,5.05452,-0.136729,-5.76088,-0.0552791,0.00259889,0.0122899
0.66,1.25724,5.05315,-0.194337,-5.36979,-0.0545209,0.0020461,0.0758165
0.67,1.23827,5.05121,-0.248035,-4.92672,-0.0531537,0.00150089,0.136729
0.68,1.21709,5.04873,-0.297303,-4.44088,-0.0512103,0.000969351,0.194337
0.69,1.194,5.04576,-0.341711,-3.92158,-0.0487299,0.000457248,0.248035
0.7,1.16933,5.04234,-0.380927,-3.37799,-0.0457569,-3.01E-05,0.297303
0.71,1.14341,5.03853,-0.414707,-2.81899,-0.0423398,-0.000487621,0.341711
0.72,1.11656,5.03438,-0.442897,-2.25289,-0.0385305,-0.000911019,0.380927
0.73,1.08911,5.02995,-0.465426,-1.68738,-0.0343834,-0.00129632,0.414707
0.74,1.06136,5.0253,-0.4823,-1.12938,-0.0299545,-0.00164016,0.442897
0.75,1.03361,5.02048,-0.493594,-0.584987,-0.0253002,-0.0019397,0.465426
0.76,1.00615,5.01554,-0.499443,-0.059474,-0.0204772,-0.00219271,0.4823
0.77,0.979227,5.01055,-0.500038,0.442732,-0.0155413,-0.00239748,0.493594
0.78,0.953101,5.00555,-0.495611,0.918008,-0.0105469,-0.00255289,0.499443
0.79,0.927991,5.00059,-0.486431,1.36349,-0.00554647,-0.00265836,0.500038
0.8,0.904101,4.99573,-0.472796,1.77699,-0.00059036,-0.00271382,0.495611
0.81,0.881616,4.991,-0.455026,2.15694,0.00427395,-0.00271973,0.486431
0.82,0.860699,4.98645,-0.433457,2.50231,0.00900191,-0.00267699,0.472796
0.83,0.841493,4.98211,-0.408433,2.81251,0.0135522,-0.00258697,0.455026
0.84,0.82412,4.97803,-0.380308,3.08731,0.0178867,-0.00245145,0.433457
0.85,0.808685,4.97423,-0.349435,3.32674,0.0219711,-0.00227258,0.408433
0.86,0.795273,4.97073,-0.316168,3.53109,0.0257742,-0.00205287,0.380308
0.87,0.78395,4.96757,-0.280857,3.70075,0.0292685,-0.00179513,0.349435
0.88,0.774766,4.96476,-0.243849,3.83623,0.0324302,-0.00150244,0.316168
0.89,0.767753,4.96232,-0.205487,3.93807,0.0352388,-0.00117814,0.280857
0.9,0.762926,4.96027,-0.166106,4.00681,0.0376772,-0.000825753,0.243849
0.91,0.760287,4.95861,-0.126038,4.04302,0.0397321,-0.00044898,0.205487
0.92,0.759818,4.95735,-0.0856081,4.0472,0.0413932,-5.17E-05,0.166106
0.93,0.761488,4.95649,-0.0451362,4.01985,0.0426536,0.000362273,0.126038
0.94,0.765251,4.95604,-0.00493768,3.96145,0.0435096,0.000788808,0.0856081
0.95,0.771045,4.95599,0.0346768,3.87248,0.043961,0.0012239,0.0451362
0.96,0.778794,4.95634,0.0734017,3.75346,0.0440104,0.00166351,0.00493768
0.97,0.788407,4.95707,0.110936,3.60494,0.0436636,0.00210362,-0.0346768
0.98,0.799778,4.95818,0.146986,3.42761,0.0429296,0.00254025,-0.0734017
0.99,0.812789,4.95965,0.181262,3.22228,0.0418202,0.00296955,-0.110936
1,0.827306,4.96146,0.213484,2.98995,0.0403504,0.00338775,-0.146986
1.01,0.843184,4.9636,0.243384,2.73187,0.0385378,0.00379126,-0.181262
1.02,0.860265,4.96603,0.270703,2.44956,0.0364029,0.00417663,-0.213484
1.03,0.878377,4.96874,0.295198,2.14485,0.0339691,0.00454066,-0.243384
1.04,0.897342,4.97169,0.316647,1.81992,0.0312621,0.00488035,-0.270703
1.05,0.91697,4.97486,0.334846,1.47732,0.0283101,0.00519298,-0.295198
1.06,0.937064,4.9782,0.349619,1.11998,0.0251436,0.00547608,-0.316647
1.07,0.957421,4.9817,0.360819,0.751179,0.0217951,0.00572751,-0.334846
1.08,0.977835,4.98531,0.368331,0.374575,0.0182989,0.00594546,-0.349619
1.09,0.998097,4.98899,0.372077,-0.00587208,0.0146908,0.00612845,-0.360819
1.1,1.018,4.99271,0.372018,-0.385931,0.0110074,0.00627536,-0.368331
1.11,1.03734,4.99643,0.368159,-0.761173,0.00728668,0.00638543,-0.372077
1.12,1.05593,5.00012,0.360547,-1.12705,0.0035665,0.0064583,-0.372018
1.13,1.07356,5.00372,0.349276,-1.47897,-0.000115085,0.00649397,-0.368159
1.14,1.09006,5.00721,0.334487,-1.81243,-0.00372055,0.00649282,-0.360547
1.15,1.10528,5.01056,0.316362,-2.12307,-0.00721332,0.00645561,-0.349276
1.16,1.11905,5.01372,0.295132,-2.40682,-0.0105582,0.00638348,-0.334487
1.17,1.13125,5.01667,0.271064,-2.65998,-0.0137218,0.0062779,-0.316362
1.18,1.14178,5.01938,0.244464,-2.8793,-0.0166731,0.00614068,-0.295132
1.19,1.15053,5.02183,0.215671,-3.06209,-0.0193838,0.00597395,-0.271064
1.2,1.15746,5.02399,0.18505,-3.20623,-0.0218284,0.00578011,-0.244464
1.21,1.1625,5.02584,0.152987,-3.31029,-0.0239851,0.00556182,-0.215671
1.22,1.16566,5.02737,0.119885,-3.3735,-0.0258356,0.00532197,-0.18505
1.23,1.16692,5.02856,0.0861495,-3.39578,-0.0273655,0.00506362,-0.152987
1.24,1.16632,5.02943,0.0521918,-3.37771,-0.0285643,0.00478996,-0.119885
1.25,1.16391,5.02995,0.0184147,-3.32053,-0.0294258,0.00450432,-0.0861495
1.26,1.15976,5.03013,-0.0147906,-3.22607,-0.0299477,0.00421006,-0.0521918
1.27,1.15395,5.02998,-0.0470514,-3.0967,-0.0301319,0.00391058,-0.0184147
1.28,1.1466,5.02951,-0.0780184,-2.93522,-0.029984,0.00360926,0.0147906
1.29,1.13783,5.02873,-0.107371,-2.74484,-0.0295135,0.00330942,0.0470514
1.3,1.12776,5.02766,-0.134819,-2.52904,-0.0287333,0.00301429,0.0780184
1.31,1.11655,5.02631,-0.160109,-2.2915,-0.0276596,0.00272696,0.107371
1.32,1.10435,5.02471,-0.183024,-2.03605,-0.0263114,0.00245036,0.134819
1.33,1.09131,5.02288,-0.203385,-1.76651,-0.0247103,0.00218725,0.160109
1.34,1.0776,5.02085,-0.22105,-1.48671,-0.02288,0.00194015,0.183024
1.35,1.06338,5.01864,-0.235917,-1.20034,-0.0208462,0.00171134,0.203385
1.36,1.04882,5.01628,-0.24792,-0.910966,-0.0186357,0.00150288,0.22105
1.37,1.03407,5.0138,-0.25703,-0.621925,-0.0162765,0.00131653,0.235917
1.38,1.01929,5.01123,-0.263249,-0.336331,-0.0137973,0.00115376,0.24792
1.39,1.00463,5.00859,-0.266613,-0.0570321,-0.011227,0.00101579,0.25703
1.4,0.990232,5.00593,-0.267183,0.213401,-0.00859453,0.000903517,0.263249
1.41,0.976238,5.00326,-0.265049,0.472682,-0.0059284,0.000817572,0.266613
1.42,0.96277,5.00061,-0.260322,0.718806,-0.00325657,0.000758288,0.267183
1.43,0.949948,4.998,-0.253134,0.950043,-0.000606082,0.000725722,0.265049
1.44,0.937878,4.99547,-0.243634,1.16493,0.00199714,0.000719661,0.260322
1.45,0.926657,4.99304,-0.231984,1.36224,0.00452848,0.000739632,0.253134
1.46,0.916371,4.99072,-0.218362,1.54099,0.00696482,0.000784917,0.243634
1.47,0.907094,4.98853,-0.202952,1.7004,0.00928466,0.000854565,0.231984
1.48,0.898891,4.9865,-0.185948,1.83986,0.0114683,0.000947412,0.218362
1.49,0.891814,4.98464,-0.167549,1.95897,0.0134978,0.00106209,0.202952
1.5,0.885904,4.98297,-0.14796,2.05743,0.0153573,0.00119707,0.185948
1.51,0.881191,4.98149,-0.127386,2.13511,0.0170328,0.00135065,0.167549
1.52,0.877694,4.98021,-0.106035,2.19198,0.0185124,0.00152097,0.14796
1.53,0.875421,4.97915,-0.0841147,2.22814,0.0197862,0.0017061,0.127386
1.54,0.87437,4.97831,-0.0618333,2.24378,0.0208466,0.00190396,0.106035
1.55,0.874527,4.97769,-0.0393955,2.23918,0.0216877,0.00211243,0.0841147
1.56,0.87587,4.9773,-0.0170037,2.21472,0.0223061,0.0023293,0.0618333
1.57,0.878366,4.97713,0.00514342,2.17087,0.0227,0.00255236,0.0393955
1.58,0.881971,4.97718,0.0268521,2.10822,0.0228701,0.00277936,0.0170037
1.59,0.886635,4.97745,0.0479343,2.02742,0.0228186,0.00300806,-0.00514342
1.6,0.892296,4.97793,0.0682085,1.92928,0.0225501,0.00323625,-0.0268521
1.61,0.898887,4.97861,0.0875013,1.81467,0.0220708,0.00346175,-0.0479343
1.62,0.90633,4.97949,0.105648,1.68462,0.0213887,0.00368246,-0.0682085
1.63,0.914542,4.98054,0.122494,1.54028,0.0205137,0.00389635,-0.0875013
1.64,0.923434,4.98177,0.137897,1.38291,0.0194572,0.00410148,-0.105648
1.65,0.932908,4.98315,0.151726,1.21392,0.0182322,0.00429605,-0.122494
1.66,0.942865,4.98466,0.163865,1.03486,0.0168533,0.00447838,-0.137897
1.67,0.953201,4.9863,0.174214,0.847394,0.015336,0.00464691,-0.151726
1.68,0.963806,4.98804,0.182688,0.653312,0.0136973,0.00480027,-0.163865
1.69,0.974573,4.98987,0.189221,0.454517,0.0119552,0.00493724,-0.174214
1.7,0.98539,4.99176,0.193766,0.253004,0.0101283,0.00505679,-0.182688
1.71,0.996148,4.9937,0.196296,0.0508461,0.00823612,0.00515808,-0.189221
1.72,1.00674,4.99566,0.196805,-0.149837,0.00629846,0.00524044,-0.193766
1.73,1.01705,4.99763,0.195306,-0.346898,0.0043355,0.00530342,-0.196296
1.74,1.02699,4.99959,0.191837,-0.538201,0.00236745,0.00534678,-0.196805
1.75,1.03645,5.0015,0.186455,-0.721645,0.000414389,0.00537045,-0.195306
1.76,1.04535,5.00337,0.179239,-0.895205,-0.00150398,0.0053746,-0.191837
1.77,1.0536,5.00516,0.170287,-1.05696,-0.00336854,0.00535956,-0.186455
1.78,1.06112,5.00686,0.159717,-1.20514,-0.00516092,0.00532587,-0.179239
1.79,1.06785,5.00846,0.147666,-1.33814,-0.00686379,0.00527426,-0.170287
1.8,1.07373,5.00994,0.134284,-1.45454,-0.00846096,0.00520562,-0.159717
1.81,1.07871,5.01128,0.119739,-1.55318,-0.00993762,0.00512101,-0.147666
1.82,1.08276,5.01248,0.104207,-1.63313,-0.0112805,0.00502164,-0.134284
1.83,1.08585,5.01352,0.0878758,-1.69372,-0.0124779,0.00490883,-0.119739
1.84,1.08796,5.0144,0.0709386,-1.73455,-0.0135199,0.00478406,-0.104207
1.85,1.0891,5.01511,0.0535931,-1.7555,-0.0143987,0.00464886,-0.0878758
1.86,1.08928,5.01564,0.0360381,-1.75672,-0.0151081,0.00450487,-0.0709386
1.87,1.0885,5.016,0.0184709,-1.73863,-0.015644,0.00435379,-0.0535931
1.88,1.08681,5.01619,0.00108466,-1.70188,-0.0160044,0.00419735,-0.0360381
1.89,1.08424,5.0162,-0.0159342,-1.64739,-0.0161891,0.0040373,-0.0184709
1.9,1.08083,5.01604,-0.032408,-1.57624,-0.0161999,0.00387541,-0.00108466
1.91,1.07664,5.01572,-0.0481705,-1.48974,-0.0160406,0.00371341,0.0159342
1.92,1.07175,5.01523,-0.0630679,-1.38932,-0.0157165,0.00355301,0.032408
1.93,1.0662,5.0146,-0.076961,-1.27655,-0.0152348,0.00339584,0.0481705
1.94,1.06008,5.01383,-0.0897265,-1.15309,-0.0146041,0.00324349,0.0630679
1.95,1.05347,5.01294,-0.101257,-1.02067,-0.0138345,0.00309745,0.076961
1.96,1.04645,5.01192,-0.111464,-0.881056,-0.0129373,0.00295911,0.0897265
1.97,1.03909,5.01081,-0.120275,-0.736012,-0.0119247,0.00282974,0.101257
1.98,1.03149,5.00961,-0.127635,-0.587292,-0.01081,0.00271049,0.111464
1.99,1.02372,5.00833,-0.133508,-0.436608,-0.0096073,0.00260239,0.120275
2,1.01588,5.007,-0.137874,-0.285614,-0.00833095,0.00250632,0.127635
2.01,1.00804,5.00562,-0.14073,-0.135884,-0.00699587,0.00242301,0.133508
2.02,1.00028,5.00421,-0.142089,0.0110957,-0.00561713,0.00235305,0.137874
2.03,0.992673,5.00279,-0.141978,0.153942,-0.00420983,0.00229688,0.14073
2.04,0.985302,5.00137,-0.140438,0.291379,-0.00278895,0.00225478,0.142089
2.05,0.978228,4.99996,-0.137525,0.422248,-0.00136917,0.00222689,0.141978
2.06,0.971515,4.99859,-0.133302,0.545505,3.52E-05,0.0022132,0.140438
2.07,0.965221,4.99726,-0.127847,0.660227,0.00141046,0.00221355,0.137525
2.08,0.959399,4.99598,-0.121245,0.765607,0.00274348,0.00222765,0.133302
2.09,0.954095,4.99477,-0.113589,0.860957,0.00402195,0.00225509,0.127847
2.1,0.94935,4.99363,-0.104979,0.9457,0.0052344,0.00229531,0.121245
2.11,0.945196,4.99258,-0.0955221,1.01937,0.00637029,0.00234765,0.113589
2.12,0.941663,4.99162,-0.0853284,1.08161,0.00742008,0.00241135,0.104979
2.13,0.938771,4.99077,-0.0745124,1.13216,0.0083753,0.00248556,0.0955221
2.14,0.936534,4.99003,-0.0631908,1.17085,0.00922859,0.00256931,0.0853284
2.15,0.934963,4.98939,-0.0514823,1.19763,0.00997371,0.00266159,0.0745124
2.16,0.934058,4.98888,-0.039506,1.21252,0.0106056,0.00276133,0.0631908
2.17,0.933815,4.98848,-0.0273808,1.21563,0.0111204,0.00286739,0.0514823
2.18,0.934223,4.98821,-0.0152245,1.20716,0.0115155,0.00297859,0.039506
2.19,0.935268,4.98806,-0.0031529,1.1874,0.0117893,0.00309375,0.0273808
2.2,0.936926,4.98803,0.00872106,1.1567,0.0119416,0.00321164,0.0152245
2.21,0.939171,4.98811,0.020288,1.1155,0.0119731,0.00333106,0.0031529
2.22,0.94197,4.98832,0.031443,1.06433,0.0118859,0.00345079,-0.00872106
2.23,0.945286,4.98863,0.0420864,1.00379,0.011683,0.00356965,-0.020288
2.24,0.949077,4.98905,0.0521242,0.934526,0.0113686,0.00368648,-0.031443
2.25,0.953299,4.98957,0.0614695,0.857292,0.0109477,0.00380016,-0.0420864
2.26,0.957902,4.99019,0.0700424,0.772888,0.0104265,0.00390964,-0.0521242
2.27,0.962834,4.99089,0.0777713,0.682183,0.00981176,0.0040139,-0.0614695
2.28,0.968041,4.99167,0.0845931,0.586102,0.00911134,0.00411202,-0.0700424
2.29,0.973466,4.99251,0.0904541,0.485622,0.00833362,0.00420313,-0.0777713
2.3,0.979052,4.99342,0.0953104,0.381764,0.00748769,0.00428647,-0.0845931
2.31,0.984739,4.99437,0.099128,0.275584,0.00658315,0.00436135,-0.0904541
2.32,0.990469,4.99536,0.101884,0.168165,0.00563005,0.00442718,-0.0953104
2.33,0.996183,4.99638,0.103565,0.0606062,0.00463877,0.00448348,-0.099128
2.34,1.00182,4.99742,0.104172,-0.045992,0.00361993,0.00452987,-0.101884
2.35,1.00734,4.99846,0.103712,-0.150536,0.00258428,0.00456607,-0.103565
2.36,1.01266,4.99949,0.102206,-0.251956,0.00154256,0.00459191,-0.104172
2.37,1.01775,5.00052,0.0996867,-0.349214,0.000505444,0.00460733,-0.103712
2.38,1.02256,5.00151,0.0961946,-0.441325,-0.000516619,0.00461239,-0.102206
2.39,1.02704,5.00248,0.0917813,-0.52736,-0.00151349,0.00460722,-0.0996867
2.4,1.03116,5.00339,0.0865077,-0.60647,-0.00247543,0.00459209,-0.0961946
2.41,1.03487,5.00426,0.080443,-0.677887,-0.00339325,0.00456733,-0.0917813
2.42,1.03814,5.00506,0.0736641,-0.740942,-0.00425832,0.0045334,-0.0865077
2.43,1.04095,5.0058,0.0662547,-0.795069,-0.00506275,0.00449082,-0.080443
2.44,1.04329,5.00646,0.058304,-0.839815,-0.00579939,0.00444019,-0.0736641
2.45,1.04512,5.00704,0.0499059,-0.874845,-0.00646194,0.0043822,-0.0662547
2.46,1.04645,5.00754,0.0411574,-0.899945,-0.00704498,0.00431758,-0.058304
2.47,1.04728,5.00796,0.032158,-0.915024,-0.00754404,0.00424713,-0.0499059
2.48,1.04759,5.00828,0.0230077,-0.920112,-0.00795561,0.00417169,-0.0411574
2.49,1.04741,5.00851,0.0138066,-0.915358,-0.00827719,0.00409213,-0.032158
2.5,1.04674,5.00865,0.00465304,-0.901027,-0.00850727,0.00400936,-0.0230077
2.51,1.0456,5.00869,-0.00435722,-0.877489,-0.00864534,0.00392429,-0.0138066
2.52,1.04401,5.00865,-0.0131321,-0.845217,-0.00869187,0.00383783,-0.00465304
2.53,1.04199,5.00852,-0.0215843,-0.804773,-0.0086483,0.00375091,0.00435722
2.54,1.03959,5.0083,-0.029632,-0.756798,-0.00851697,0.00366443,0.0131321
2.55,1.03683,5.008,-0.0372,-0.702003,-0.00830113,0.00357926,0.0215843
2.56,1.03375,5.00763,-0.04422,-0.641157,-0.00800481,0.00349625,0.029632
2.57,1.03038,5.00719,-0.0506316,-0.575071,-0.00763281,0.0034162,0.0372
2.58,1.02678,5.00668,-0.0563823,-0.50459,-0.00719061,0.00333987,0.04422
2.59,1.02297,5.00612,-0.0614282,-0.430581,-0.0066843,0.00326797,0.0506316
2.6,1.01901,5.00551,-0.065734,-0.353918,-0.00612047,0.00320112,0.0563823
2.61,1.01493,5.00485,-0.0692732,-0.275475,-0.00550619,0.00313992,0.0614282
2.62,1.01079,5.00416,-0.0720279,-0.196113,-0.00484885,0.00308486,0.065734
2.63,1.00662,5.00344,-0.0739891,-0.116673,-0.00415612,0.00303637,0.0692732
2.64,1.00247,5.0027,-0.0751558,-0.0379669,-0.00343584,0.00299481,0.0720279
2.65,0.998386,5.00194,-0.0755355,0.0392306,-0.00269595,0.00296045,0.0739891
2.66,0.994397,5.00119,-0.0751431,0.114187,-0.00194439,0.00293349,0.0751558
2.67,0.990547,5.00044,-0.0740013,0.186218,-0.00118904,0.00291405,0.0755355
2.68,0.986869,4.9997,-0.0721391,0.254692,-0.000437606,0.00290216,0.0751431
2.69,0.983398,4.99898,-0.0695922,0.319033,0.000302407,0.00289778,0.0740013
2.7,0.980163,4.99828,-0.0664018,0.378724,0.0010238,0.0029008,0.0721391
2.71,0.977192,4.99762,-0.0626146,0.433306,0.00171972,0.00291104,0.0695922
2.72,0.974508,4.99699,-0.0582815,0.482385,0.00238374,0.00292824,0.0664018
2.73,0.972132,4.99641,-0.0534577,0.525626,0.00300988,0.00295208,0.0626146
2.74,0.970082,4.99587,-0.0482014,0.562759,0.0035927,0.00298217,0.0582815
2.75,0.96837,4.99539,-0.0425738,0.593574,0.00412728,0.0030181,0.0534577
2.76,0.967007,4.99496,-0.0366381,0.617924,0.00460929,0.00305937,0.0482014
2.77,0.966,4.9946,-0.0304589,0.635721,0.00503503,0.00310547,0.0425738
2.78,0.96535,4.99429,-0.0241017,0.646937,0.00540141,0.00315582,0.0366381
2.79,0.965057,4.99405,-0.0176323,0.651604,0.005706,0.00320983,0.0304589
2.8,0.965118,4.99388,-0.0111163,0.649806,0.00594702,0.00326689,0.0241017
2.81,0.965524,4.99377,-0.00461819,0.641687,0.00612334,0.00332636,0.0176323
2.82,0.966265,4.99372,0.00179868,0.627439,0.0062345,0.0033876,0.0111163
2.83,0.967328,4.99374,0.00807307,0.607308,0.00628068,0.00344994,0.00461819
2.84,0.968695,4.99382,0.0141461,0.581587,0.0062627,0.00351275,-0.00179868
2.85,0.970347,4.99396,0.019962,0.550615,0.00618197,0.00357537,-0.00807307
2.86,0.972263,4.99416,0.0254682,0.514773,0.0060405,0.00363719,-0.0141461
2.87,0.974418,4.99441,0.0306159,0.474484,0.00584088,0.0036976,-0.019962
2.88,0.976787,4.99472,0.0353607,0.430206,0.0055862,0.00375601,-0.0254682
2.89,0.979342,4.99507,0.0396628,0.382429,0.00528004,0.00381187,-0.0306159
2.9,0.982053,4.99547,0.0434871,0.331671,0.00492644,0.00386467,-0.0353607
2.91,0.984892,4.99591,0.0468038,0.278476,0.00452981,0.00391393,-0.0396628
2.92,0.987827,4.99637,0.0495886,0.223405,0.00409494,0.00395923,-0.0434871
2.93,0.990826,4.99687,0.0518226,0.167033,0.0036269,0.00400018,-0.0468038
2.94,0.993859,4.99739,0.0534929,0.109944,0.00313101,0.00403645,-0.0495886
2.95,0.996894,4.99792,0.0545924,0.0527228,0.00261279,0.00406776,-0.0518226
2.96,0.9999,4.99847,0.0551196,-0.00404782,0.00207786,0.00409389,-0.0534929
2.97,1.00285,4.99902,0.0550791,-0.0597954,0.00153193,0.00411467,-0.0545924
2.98,1.00571,4.99957,0.0544812,-0.113963,0.000980738,0.00412999,-0.0551196
2.99,1.00845,5.00011,0.0533416,-0.166016,0.000429947,0.00413979,-0.0550791
3,1.01106,5.00065,0.0516814,-0.215447,-0.000114865,0.00414409,-0.0544812
3.01,1.0135,5.00117,0.0495269,-0.261783,-0.000648281,0.00414295,-0.0533416
3.02,1.01575,5.00166,0.0469091,-0.304588,-0.00116509,0.00413646,-0.0516814
3.03,1.01779,5.00213,0.0438632,-0.343471,-0.00166036,0.00412481,-0.0495269
3.04,1.01962,5.00257,0.0404285,-0.378089,-0.00212945,0.00410821,-0.0469091
3.05,1.0212,5.00297,0.0366476,-0.408149,-0.00256809,0.00408691,-0.0438632
3.06,1.02254,5.00334,0.0325661,-0.433414,-0.00297237,0.00406123,-0.0404285
3.07,1.02362,5.00366,0.028232,-0.453704,-0.00333885,0.00403151,-0.0366476
3.08,1.02444,5.00395,0.0236949,-0.468897,-0.00366451,0.00399812,-0.0325661
3.09,1.02498,5.00418,0.019006,-0.478928,-0.00394683,0.00396148,-0.028232
3.1,1.02527,5.00437,0.0142167,-0.483792,-0.00418378,0.00392201,-0.0236949
3.11,1.02528,5.00452,0.00937877,-0.483542,-0.00437384,0.00388017,-0.019006
3.12,1.02504,5.00461,0.00454335,-0.478287,-0.004516,0.00383643,-0.0142167
3.13,1.02455,5.00466,-0.00023952,-0.468187,-0.00460979,0.00379127,-0.00937877
3.14,1.02381,5.00465,-0.00492139,-0.453454,-0.00465523,0.00374517,-0.00454335
3.15,1.02285,5.0046,-0.00945592,-0.434345,-0.00465283,0.00369862,0.00023952
3.16,1.02167,5.00451,-0.0137994,-0.41116,-0.00460362,0.00365209,0.00492139
3.17,1.02029,5.00437,-0.017911,-0.384235,-0.00450906,0.00360606,0.00945592
3.18,1.01874,5.00419,-0.0217533,-0.35394,-0.00437106,0.00356097,0.0137994
3.19,1.01703,5.00397,-0.0252927,-0.320669,-0.00419195,0.00351725,0.017911
3.2,1.01517,5.00372,-0.0284994,-0.284841,-0.00397442,0.00347534,0.0217533
3.21,1.01321,5.00344,-0.0313478,-0.246887,-0.00372149,0.00343559,0.0252927
3.22,1.01114,5.00312,-0.0338167,-0.207251,-0.0034365,0.00339838,0.0284994
3.23,1.00901,5.00278,-0.0358892,-0.166382,-0.00312302,0.00336401,0.0313478
3.24,1.00683,5.00243,-0.037553,-0.12473,-0.00278485,0.00333278,0.0338167
3.25,1.00462,5.00205,-0.0388003,-0.0827393,-0.00242596,0.00330493,0.0358892
3.26,1.00241,5.00166,-0.0396277,-0.0408442,-0.00205043,0.00328067,0.037553
3.27,1.00023,5.00127,-0.0400362,0.00053269,-0.00166243,0.00326017,0.0388003
3.28,0.998081,5.00087,-0.0400308,0.0409868,-0.00126615,0.00324354,0.0396277
3.29,0.995999,5.00047,-0.039621,0.0801341,-0.00086579,0.00323088,0.0400362
3.3,0.993999,5.00007,-0.0388196,0.117614,-0.000465482,0.00322222,0.0400308
3.31,0.9921,4.99968,-0.0376435,0.153094,-6.93E-05,0.00321757,0.039621
3.32,0.99032,4.9993,-0.0361125,0.186267,0.000318924,0.00321688,0.0388196
3.33,0.988673,4.99894,-0.0342499,0.216859,0.000695359,0.00322007,0.0376435
3.34,0.987172,4.9986,-0.0320813,0.244628,0.00105648,0.00322702,0.0361125
3.35,0.985831,4.99828,-0.029635,0.269366,0.00139898,0.00323758,0.0342499
3.36,0.98466,4.99798,-0.0269413,0.290895,0.0017198,0.00325157,0.0320813
3.37,0.983665,4.99771,-0.0240324,0.309078,0.00201615,0.00326877,0.029635
3.38,0.982855,4.99747,-0.0209416,0.323808,0.00228556,0.00328893,0.0269413
3.39,0.982233,4.99726,-0.0177035,0.335015,0.00252588,0.00331179,0.0240324
3.4,0.981801,4.99709,-0.0143534,0.342664,0.0027353,0.00333705,0.0209416
3.41,0.981561,4.99694,-0.0109267,0.346752,0.00291233,0.0033644,0.0177035
3.42,0.981511,4.99683,-0.00745923,0.347313,0.00305587,0.00339352,0.0143534
3.43,0.981647,4.99676,-0.0039861,0.34441,0.00316514,0.00342408,0.0109267
3.44,0.981964,4.99672,-0.000541995,0.33814,0.00323973,0.00345573,0.00745923
3.45,0.982456,4.99671,0.0028394,0.328627,0.00327959,0.00348813,0.0039861
3.46,0.983114,4.99674,0.00612567,0.316026,0.00328501,0.00352093,0.000541995
3.47,0.983929,4.9968,0.00928593,0.300518,0.00325662,0.00355378,-0.0028394
3.48,0.98489,4.9969,0.0122911,0.282308,0.00319536,0.00358634,-0.00612567
3.49,0.985983,4.99702,0.0151142,0.261623,0.0031025,0.0036183,-0.00928593
3.5,0.987195,4.99717,0.0177304,0.238712,0.00297959,0.00364932,-0.0122911
3.51,0.988513,4.99735,0.0201175,0.21384,0.00282845,0.00367912,-0.0151142
3.52,0.98992,4.99755,0.0222559,0.187288,0.00265114,0.0037074,-0.0177304
3.53,0.9914,4.99777,0.0241288,0.15935,0.00244997,0.00373391,-0.0201175
3.54,0.992938,4.99801,0.0257223,0.130328,0.00222741,0.00375841,-0.0222559
3.55,0.994517,4.99827,0.0270256,0.100532,0.00198612,0.00378069,-0.0241288
3.56,0.99612,4.99854,0.0280309,0.0702735,0.0017289,0.00380055,-0.0257223
3.57,0.99773,4.99882,0.0287337,0.0398662,0.00145864,0.00381784,-0.0270256
3.58,0.999331,4.99911,0.0291323,0.00962,0.00117833,0.00383242,-0.0280309
3.59,1.00091,4.9994,0.0292285,-0.0201609,0.000890995,0.00384421,-0.0287337
3.6,1.00244,4.99969,0.0290269,-0.0491815,0.000599672,0.00385312,-0.0291323
3.61,1.00392,4.99998,0.0285351,-0.0771588,0.000307386,0.00385911,-0.0292285
3.62,1.00533,5.00027,0.0277635,-0.103825,1.71E-05,0.00386219,-0.0290269
3.63,1.00666,5.00055,0.0267253,-0.128929,-0.000268233,0.00386236,-0.0285351
3.64,1.0079,5.00081,0.025436,-0.15224,-0.000545868,0.00385968,-0.0277635
3.65,1.00903,5.00107,0.0239136,-0.173551,-0.000813121,0.00385422,-0.0267253
3.66,1.01004,5.00131,0.0221781,-0.192679,-0.00106748,0.00384609,-0.025436
3.67,1.01093,5.00153,0.0202513,-0.209465,-0.00130662,0.00383541,-0.0239136
3.68,1.0117,5.00173,0.0181566,-0.22378,-0.0015284,0.00382235,-0.0221781
3.69,1.01232,5.00191,0.0159188,-0.235522,-0.00173091,0.00380706,-0.0202513
3.7,1.01281,5.00207,0.0135636,-0.244619,-0.00191248,0.00378975,-0.0181566
3.71,1.01317,5.00221,0.0111174,-0.251027,-0.00207166,0.00377063,-0.0159188
3.72,1.01337,5.00232,0.00860713,-0.254734,-0.0022073,0.00374991,-0.0135636
3.73,1.01344,5.0024,0.0060598,-0.255755,-0.00231847,0.00372784,-0.0111174
3.74,1.01337,5.00247,0.00350225,-0.254133,-0.00240454,0.00370465,-0.00860713
3.75,1.01317,5.0025,0.000960919,-0.249941,-0.00246514,0.00368061,-0.0060598
3.76,1.01284,5.00251,-0.00153849,-0.243274,-0.00250017,0.00365596,-0.00350225
3.77,1.01238,5.00249,-0.00397123,-0.234254,-0.00250977,0.00363096,-0.000960919
3.78,1.0118,5.00245,-0.00631377,-0.223025,-0.00249439,0.00360586,0.00153849
3.79,1.01112,5.00239,-0.00854402,-0.209749,-0.00245468,0.00358091,0.00397123
3.8,1.01034,5.00231,-0.0106415,-0.194609,-0.00239154,0.00355637,0.00631377
3.81,1.00947,5.0022,-0.0125876,-0.1778,-0.0023061,0.00353245,0.00854402
3.82,1.00852,5.00207,-0.0143656,-0.159532,-0.00219968,0.00350939,0.0106415
3.83,1.0075,5.00193,-0.0159609,-0.140025,-0.00207381,0.00348739,0.0125876
3.84,1.00643,5.00177,-0.0173612,-0.119507,-0.00193015,0.00346666,0.0143656
3.85,1.00532,5.0016,-0.0185562,-0.0982095,-0.00177054,0.00344735,0.0159609
3.86,1.00417,5.00141,-0.0195383,-0.0763671,-0.00159693,0.00342965,0.0173612
3.87,1.003,5.00122,-0.020302,-0.0542145,-0.00141137,0.00341368,0.0185562
3.88,1.00183,5.00101,-0.0208442,-0.0319836,-0.00121599,0.00339957,0.0195383
3.89,1.00067,5.0008,-0.021164,-0.00990134,-0.00101297,0.00338741,0.020302
3.9,0.999516,5.00059,-0.021263,0.0118123,-0.000804524,0.00337728,0.0208442
3.91,0.998395,5.00038,-0.0211449,0.0329466,-0.000592884,0.00336923,0.021164
3.92,0.997312,5.00017,-0.0208154,0.0533016,-0.000380254,0.0033633,0.021263
3.93,0.996279,4.99996,-0.0202824,0.0726901,-0.000168805,0.0033595,0.0211449
3.94,0.995304,4.99976,-0.0195555,0.090939,3.93E-05,0.00335781,0.0208154
3.95,0.994397,4.99956,-0.0186461,0.107891,0.000242173,0.00335821,0.0202824
3.96,0.993564,4.99938,-0.0175672,0.123404,0.000437728,0.00336063,0.0195555
3.97,0.992813,4.9992,-0.0163332,0.137354,0.000624189,0.003365,0.0186461
3.98,0.99215,4.99904,-0.0149596,0.149637,0.000799861,0.00337125,0.0175672
3.99,0.991579,4.99889,-0.0134632,0.160165,0.000963192,0.00337925,0.0163332
4,0.991105,4.99875,-0.0118616,0.168871,0.00111279,0.00338888,0.0149596
4.01,0.99073,4.99863,-0.0101729,0.175706,0.00124742,0.0034,0.0134632
4.02,0.990456,4.99853,-0.00841582,0.180641,0.00136604,0.00341248,0.0118616
4.03,0.990284,4.99845,-0.00660942,0.183665,0.00146777,0.00342614,0.0101729
4.04,0.990213,4.99838,-0.00477277,0.184787,0.00155192,0.00344082,0.00841582
4.05,0.990242,4.99833,-0.0029249,0.184035,0.00161802,0.00345634,0.00660942
4.06,0.990369,4.99831,-0.00108455,0.181452,0.00166575,0.00347252,0.00477277
4.07,0.990591,4.99829,0.000729973,0.177101,0.00169499,0.00348917,0.0029249
4.08,0.990903,4.9983,0.00250099,0.17106,0.00170584,0.00350612,0.00108455
4.09,0.991301,4.99833,0.00421158,0.16342,0.00169854,0.00352318,-0.000729973
4.1,0.991779,4.99837,0.00584579,0.15429,0.00167353,0.00354017,-0.00250099
4.11,0.99233,4.99843,0.00738868,0.143787,0.00163141,0.0035569,-0.00421158
4.12,0.992947,4.9985,0.00882655,0.132043,0.00157296,0.00357322,-0.00584579
4.13,0.993623,4.99859,0.010147,0.1192,0.00149907,0.00358895,-0.00738868
4.14,0.994351,4.99869,0.011339,0.105404,0.0014108,0.00360394,-0.00882655
4.15,0.995121,4.9988,0.012393,0.0908141,0.00130933,0.00361805,-0.010147
4.16,0.995925,4.99893,0.0133012,0.0755899,0.00119594,0.00363114,-0.011339
4.17,0.996754,4.99906,0.0140571,0.0598965,0.00107201,0.0036431,-0.012393
4.18,0.9976,4.9992,0.014656,0.0439009,0.000939003,0.00365382,-0.0133012
4.19,0.998453,4.99935,0.015095,0.02777,0.000798432,0.00366321,-0.0140571
4.2,0.999305,4.9995,0.0153727,0.0116693,0.000651872,0.00367119,-0.014656
4.21,1.00015,4.99965,0.0154894,-0.00423858,0.000500921,0.00367771,-0.015095
4.22,1.00097,4.99981,0.0154471,-0.019796,0.000347194,0.00368272,-0.0153727
4.23,1.00177,4.99996,0.0152491,-0.0348514,0.0001923,0.00368619,-0.0154894
4.24,1.00253,5.00011,0.0149006,-0.0492609,3.78E-05,0.00368812,-0.0154471
4.25,1.00325,5.00026,0.014408,-0.06289,-0.000114662,0.00368849,-0.0152491
4.26,1.00393,5.00041,0.0137791,-0.0756143,-0.000263668,0.00368735,-0.0149006
4.27,1.00455,5.00055,0.0130229,-0.087321,-0.000407747,0.00368471,-0.014408
4.28,1.00512,5.00068,0.0121497,-0.0979098,-0.000545538,0.00368063,-0.0137791
4.29,1.00562,5.0008,0.0111706,-0.107294,-0.000675767,0.00367518,-0.0130229
4.3,1.00605,5.00091,0.0100977,-0.1154,-0.000797264,0.00366842,-0.0121497
4.31,1.00641,5.00101,0.00894368,-0.122171,-0.00090897,0.00366045,-0.0111706
4.32,1.0067,5.0011,0.00772197,-0.127562,-0.00100995,0.00365136,-0.0100977
4.33,1.00692,5.00118,0.00644635,-0.131546,-0.00109938,0.00364126,-0.00894368
4.34,1.00706,5.00124,0.00513089,-0.13411,-0.0011766,0.00363026,-0.00772197
4.35,1.00713,5.00129,0.00378979,-0.135256,-0.00124107,0.0036185,-0.00644635
4.36,1.00713,5.00133,0.00243724,-0.135,-0.00129238,0.00360609,-0.00513089
4.37,1.00705,5.00135,0.00108723,-0.133375,-0.00133027,0.00359316,-0.00378979
4.38,1.0069,5.00137,-0.000246513,-0.130423,-0.00135465,0.00357986,-0.00243724
4.39,1.00669,5.00136,-0.00155075,-0.126204,-0.00136552,0.00356631,-0.00108723
4.4,1.00641,5.00135,-0.00281279,-0.120786,-0.00136305,0.00355266,0.000246513
4.41,1.00607,5.00132,-0.00402065,-0.11425,-0.00134755,0.00353903,0.00155075
4.42,1.00568,5.00128,-0.00516315,-0.106686,-0.00131942,0.00352555,0.00281279
4.43,1.00524,5.00123,-0.00623001,-0.0981924,-0.00127921,0.00351236,0.00402065
4.44,1.00476,5.00117,-0.00721193,-0.0888762,-0.00122758,0.00349957,0.00516315
4.45,1.00423,5.00109,-0.00810069,-0.0788496,-0.00116528,0.00348729,0.00623001
4.46,1.00368,5.00101,-0.00888919,-0.0682298,-0.00109316,0.00347564,0.00721193
4.47,1.00309,5.00092,-0.00957149,-0.0571375,-0.00101215,0.00346471,0.00810069
4.48,1.00249,5.00083,-0.0101429,-0.0456956,-0.000923262,0.00345459,0.00888919
4.49,1.00188,5.00073,-0.0105998,-0.0340277,-0.000827547,0.00344535,0.00957149
4.5,1.00126,5.00062,-0.0109401,-0.022257,-0.000726118,0.00343708,0.0101429
4.51,1.00064,5.00051,-0.0111627,-0.0105049,-0.00062012,0.00342982,0.0105998
4.52,1.00002,5.0004,-0.0112677,0.00111004,-0.000510719,0.00342362,0.0109401
4.53,0.999421,5.00029,-0.0112566,0.0124734,-0.000399093,0.00341851,0.0111627
4.54,0.998837,5.00017,-0.0111319,0.0234757,-0.000286416,0.00341452,0.0112677
4.55,0.998277,5.00006,-0.0108971,0.0340138,-0.000173849,0.00341165,0.0112566
4.56,0.997745,4.99995,-0.010557,0.0439912,-6.25E-05,0.00340991,0.0111319
4.57,0.997247,4.99985,-0.0101171,0.0533194,4.64E-05,0.00340929,0.0108971
4.58,0.996788,4.99975,-0.00958388,0.0619182,0.00015201,0.00340975,0.010557
4.59,0.99637,4.99965,-0.0089647,0.0697165,0.000253181,0.00341127,0.0101171
4.6,0.995997,4.99956,-0.00826753,0.0766527,0.00034902,0.00341381,0.00958388
4.61,0.995672,4.99948,-0.00750101,0.082675,0.000438667,0.0034173,0.0089647
4.62,0.995398,4.9994,-0.00667426,0.087742,0.000521342,0.00342168,0.00826753
4.63,0.995175,4.99934,-0.00579683,0.0918225,0.000596352,0.0034269,0.00750101
4.64,0.995006,4.99928,-0.00487861,0.0948957,0.000663095,0.00343286,0.00667426
4.65,0.994891,4.99923,-0.00392965,0.0969514,0.000721063,0.00343949,0.00579683
4.66,0.99483,4.99919,-0.00296014,0.0979896,0.000769849,0.0034467,0.00487861
4.67,0.994823,4.99916,-0.00198024,0.0980202,0.000809146,0.0034544,0.00392965
4.68,0.994868,4.99914,-0.00100004,0.0970632,0.000838747,0.00346249,0.00296014
4.69,0.994964,4.99913,-2.94E-05,0.0951479,0.00085855,0.00347088,0.00198024
4.7,0.995109,4.99913,0.000922072,0.0923125,0.00086855,0.00347946,0.00100004
4.71,0.995301,4.99914,0.0018452,0.0886035,0.000868844,0.00348815,2.94E-05
4.72,0.995537,4.99916,0.00273123,0.0840753,0.000859623,0.00349684,-0.000922072
4.73,0.995813,4.99919,0.00357198,0.0787894,0.000841171,0.00350543,-0.0018452
4.74,0.996126,4.99922,0.00435988,0.0728138,0.000813859,0.00351385,-0.00273123
4.75,0.996472,4.99927,0.00508802,0.0662217,0.000778139,0.00352198,-0.00357198
4.76,0.996846,4.99932,0.00575023,0.0590916,0.000734541,0.00352977,-0.00435988
4.77,0.997246,4.99937,0.00634115,0.0515055,0.00068366,0.00353711,-0.00508802
4.78,0.997665,4.99944,0.0068562,0.0435488,0.000626158,0.00354395,-0.00575023
4.79,0.998099,4.99951,0.00729169,0.0353087,0.000562747,0.00355021,-0.00634115
4.8,0.998545,4.99958,0.00764478,0.0268739,0.000494184,0.00355584,-0.0068562
4.81,0.998996,4.99966,0.00791352,0.0183333,0.000421268,0.00356078,-0.00729169
4.82,0.999448,4.99973,0.00809685,0.00977542,0.00034482,0.00356499,-0.00764478
4.83,0.999897,4.99982,0.00819461,0.00128703,0.000265685,0.00356844,-0.00791352
4.84,1.00034,4.9999,0.00820748,-0.00704718,0.000184716,0.0035711,-0.00809685
4.85,1.00077,4.99998,0.008137,-0.0151457,0.00010277,0.00357294,-0.00819461
4.86,1.00118,5.00006,0.00798555,-0.022931,2.07E-05,0.00357397,-0.00820748
4.87,1.00157,5.00014,0.00775624,-0.03033,-6.07E-05,0.00357418,-0.008137
4.88,1.00194,5.00022,0.00745294,-0.0372752,-0.00014053,0.00357357,-0.00798555
4.89,1.00228,5.00029,0.00708018,-0.0437046,-0.000218093,0.00357217,-0.00775624
4.9,1.0026,5.00036,0.00664314,-0.0495631,-0.000292622,0.00356998,-0.00745294
4.91,1.00288,5.00043,0.00614751,-0.0548021,-0.000363424,0.00356706,-0.00708018
4.92,1.00312,5.00049,0.00559949,-0.0593806,-0.000429855,0.00356342,-0.00664314
4.93,1.00333,5.00055,0.00500568,-0.0632648,-0.00049133,0.00355913,-0.00614751
4.94,1.0035,5.0006,0.00437303,-0.066429,-0.000547325,0.00355421,-0.00559949
4.95,1.00363,5.00064,0.00370874,-0.0688552,-0.000597382,0.00354874,-0.00500568
4.96,1.00373,5.00068,0.00302019,-0.0705335,-0.000641112,0.00354277,-0.00437303
4.97,1.00378,5.00071,0.00231485,-0.0714616,-0.0006782,0.00353635,-0.00370874
4.98,1.00379,5.00073,0.00160024,-0.0716453,-0.000708402,0.00352957,-0.00302019
4.99,1.00377,5.00075,0.000883785,-0.0710976,-0.00073155,0.00352249,-0.00231485
5,1.00371,5.00076,0.000172809,-0.0698389,-0.000747552,0.00351517,-0.00160024
5.01,1.00361,5.00076,-0.00052558,-0.0678966,-0.00075639,0.0035077,-0.000883785
5.02,1.00348,5.00075,-0.00120455,-0.0653043,-0.000758118,0.00350013,-0.000172809
5.03,1.00331,5.00074,-0.00185759,-0.0621017,-0.000752863,0.00349255,0.00052558
5.04,1.00311,5.00072,-0.00247861,-0.058334,-0.000740817,0.00348502,0.00120455
5.05,1.00289,5.0007,-0.00306195,-0.0540511,-0.000722241,0.00347762,0.00185759
5.06,1.00264,5.00067,-0.00360246,-0.0493072,-0.000697455,0.00347039,0.00247861
5.07,1.00238,5.00063,-0.00409553,-0.0441599,-0.000666836,0.00346342,0.00306195
5.08,1.00209,5.00059,-0.00453713,-0.0386701,-0.000630811,0.00345675,0.00360246
5.09,1.00179,5.00054,-0.00492383,-0.0329004,-0.000589856,0.00345044,0.00409553
5.1,1.00147,5.0005,-0.00525283,-0.0269153,-0.000544485,0.00344454,0.00453713
5.11,1.00115,5.00044,-0.00552199,-0.0207799,-0.000495246,0.0034391,0.00492383
5.12,1.00082,5.00039,-0.00572979,-0.0145595,-0.000442718,0.00343415,0.00525283
5.13,1.00049,5.00033,-0.00587538,-0.00831885,-0.000387498,0.00342972,0.00552199
5.14,1.00016,5.00027,-0.00595857,-0.00212158,-0.0003302,0.00342584,0.00572979
5.15,0.99984,5.00021,-0.00597978,0.00397053,-0.000271446,0.00342254,0.00587538
5.16,0.999526,5.00015,-0.00594008,0.00989809,-0.000211861,0.00341983,0.00595857
5.17,0.999223,5.00009,-0.0058411,0.0156046,-0.000152063,0.00341771,0.00597978
5.18,0.998934,5.00003,-0.00568505,0.021037,-9.27E-05,0.00341619,0.00594008
5.19,0.998662,4.99998,-0.00547468,0.0261462,-3.43E-05,0.00341526,0.0058411
5.2,0.998409,4.99992,-0.00521322,0.0308873,2.26E-05,0.00341492,0.00568505
5.21,0.998177,4.99987,-0.00490435,0.0352199,7.73E-05,0.00341515,0.00547468
5.22,0.997968,4.99982,-0.00455215,0.039109,0.000129478,0.00341592,0.00521322
5.23,0.997785,4.99978,-0.00416106,0.0425242,0.000178522,0.00341721,0.00490435
5.24,0.997627,4.99973,-0.00373582,0.045441,0.000224043,0.003419,0.00455215
5.25,0.997497,4.9997,-0.0032814,0.0478401,0.000265654,0.00342124,0.00416106
5.26,0.997395,4.99966,-0.002803,0.0497079,0.000303012,0.0034239,0.00373582
5.27,0.997322,4.99964,-0.00230592,0.0510363,0.000335826,0.00342693,0.0032814
5.28,0.997277,4.99961,-0.00179556,0.0518229,0.000363856,0.00343028,0.002803
5.29,0.997261,4.9996,-0.00127733,0.0520706,0.000386915,0.00343392,0.00230592
5.3,0.997273,4.99958,-0.000756627,0.0517878,0.000404871,0.00343779,0.00179556
5.31,0.997312,4.99957,-0.000238749,0.050988,0.000417644,0.00344184,0.00127733
5.32,0.997378,4.99957,0.000271131,0.0496895,0.000425211,0.00344602,0.000756627
5.33,0.997469,4.99958,0.000768026,0.0479154,0.000427598,0.00345027,0.000238749
5.34,0.997584,4.99958,0.00124718,0.045693,0.000424887,0.00345454,-0.000271131
5.35,0.997722,4.9996,0.00170411,0.0430536,0.000417206,0.00345879,-0.000768026
5.36,0.997879,4.99961,0.00213465,0.040032,0.000404735,0.00346297,-0.00124718
5.37,0.998056,4.99963,0.00253497,0.0366664,0.000387694,0.00346701,-0.00170411
5.38,0.998248,4.99966,0.00290163,0.0329973,0.000366347,0.00347089,-0.00213465
5.39,0.998455,4.99969,0.0032316,0.0290678,0.000340997,0.00347455,-0.00253497
5.4,0.998673,4.99972,0.00352228,0.0249227,0.000311981,0.00347796,-0.00290163
5.41,0.9989,4.99976,0.00377151,0.0206082,0.000279665,0.00348108,-0.0032316
5.42,0.999134,4.99979,0.00397759,0.016171,0.000244442,0.00348388,-0.00352228
5.43,0.999372,4.99983,0.0041393,0.0116585,0.000206727,0.00348632,-0.00377151
5.44,0.999612,4.99987,0.00425589,0.00711785,0.000166951,0.00348839,-0.00397759
5.45,0.999851,4.99992,0.00432706,0.00259545,0.000125558,0.00349006,-0.0041393
5.46,1.00009,4.99996,0.00435302,-0.00186325,8.30E-05,0.00349132,-0.00425589
5.47,1.00032,5,0.00433439,-0.00621435,3.97E-05,0.00349215,-0.00432706
5.48,1.00054,5.00005,0.00427224,-0.0104159,-3.80E-06,0.00349254,-0.00435302
5.49,1.00075,5.00009,0.00416808,-0.0144283,-4.71E-05,0.00349251,-0.00433439
5.5,1.00095,5.00013,0.0040238,-0.0182145,-8.99E-05,0.00349203,-0.00427224
5.51,1.00114,5.00017,0.00384166,-0.0217406,-0.000131549,0.00349114,-0.00416808
5.52,1.00131,5.00021,0.00362425,-0.0249761,-0.000171787,0.00348982,-0.0040238
5.53,1.00147,5.00025,0.00337449,-0.0278938,-0.000210203,0.0034881,-0.00384166
5.54,1.00161,5.00028,0.00309555,-0.0304704,-0.000246446,0.003486,-0.00362425
5.55,1.00173,5.00031,0.00279085,-0.0326865,-0.00028019,0.00348354,-0.00337449
5.56,1.00183,5.00034,0.00246398,-0.0345269,-0.000311146,0.00348073,-0.00309555
5.57,1.00191,5.00036,0.00211871,-0.0359803,-0.000339054,0.00347762,-0.00279085
5.58,1.00196,5.00038,0.00175891,-0.0370398,-0.000363694,0.00347423,-0.00246398
5.59,1.002,5.0004,0.00138851,-0.0377024,-0.000384881,0.0034706,-0.00211871
5.6,1.00202,5.00042,0.00101149,-0.0379693,-0.00040247,0.00346675,-0.00175891
5.61,1.00201,5.00043,0.000631794,-0.037846,-0.000416356,0.00346272,-0.00138851
5.62,1.00199,5.00043,0.000253335,-0.0373414,-0.00042647,0.00345856,-0.00101149
5.63,1.00194,5.00044,-0.000120079,-0.0364684,-0.000432788,0.00345429,-0.000631794
5.64,1.00188,5.00043,-0.000484763,-0.0352433,-0.000435322,0.00344997,-0.000253335
5.65,1.0018,5.00043,-0.000837197,-0.0336858,-0.000434121,0.00344561,0.000120079
5.66,1.00171,5.00042,-0.00117405,-0.0318183,-0.000429273,0.00344127,0.000484763
5.67,1.00159,5.00041,-0.00149224,-0.0296662,-0.000420901,0.00343698,0.000837197
5.68,1.00147,5.00039,-0.0017889,-0.0272571,-0.000409161,0.00343277,0.00117405
5.69,1.00133,5.00038,-0.00206147,-0.0246206,-0.000394238,0.00342868,0.00149224
5.7,1.00118,5.00036,-0.00230768,-0.0217881,-0.000376349,0.00342474,0.0017889
5.71,1.00102,5.00033,-0.00252556,-0.0187924,-0.000355735,0.00342097,0.00206147
5.72,1.00086,5.00031,-0.00271348,-0.0156671,-0.000332658,0.00341741,0.00230768
5.73,1.00069,5.00028,-0.00287015,-0.0124467,-0.000307402,0.00341409,0.00252556
5.74,1.00052,5.00025,-0.00299462,-0.00916554,-0.000280268,0.00341101,0.00271348
5.75,1.00034,5.00022,-0.00308627,-0.00585821,-0.000251566,0.00340821,0.00287015
5.76,1.00017,5.00019,-0.00314486,-0.00255871,-0.00022162,0.0034057,0.00299462
5.77,0.999996,5.00016,-0.00317044,0.000699753,-0.000190757,0.00340348,0.00308627
5.78,0.999827,5.00013,-0.00316345,0.00388505,-0.000159309,0.00340157,0.00314486
5.79,0.999664,5.0001,-0.0031246,0.00696646,-0.000127604,0.00339998,0.00317044
5.8,0.999507,5.00006,-0.00305493,0.00991495,-9.60E-05,0.0033987,0.00316345
5.81,0.999359,5.00003,-0.00295578,0.0127035,-6.47E-05,0.00339774,0.0031246
5.82,0.99922,5,-0.00282875,0.015307,-3.42E-05,0.0033971,0.00305493
5.83,0.999092,4.99998,-0.00267568,0.0177032,-4.62E-06,0.00339675,0.00295578
5.84,0.998976,4.99995,-0.00249865,0.0198719,2.37E-05,0.00339671,0.00282875
5.85,0.998873,4.99992,-0.00229993,0.021796,5.04E-05,0.00339694,0.00267568
5.86,0.998783,4.9999,-0.00208197,0.0234608,7.54E-05,0.00339745,0.00249865
5.87,0.998708,4.99988,-0.00184736,0.024855,9.84E-05,0.0033982,0.00229993
5.88,0.998648,4.99986,-0.00159881,0.0259699,0.000119233,0.00339919,0.00208197
5.89,0.998602,4.99985,-0.00133911,0.0267998,0.000137707,0.00340038,0.00184736
5.9,0.998572,4.99983,-0.00107111,0.0273423,0.000153695,0.00340176,0.00159881
5.91,0.998556,4.99982,-0.000797688,0.0275975,0.000167086,0.00340329,0.00133911
5.92,0.998556,4.99981,-0.000521714,0.0275687,0.000177797,0.00340496,0.00107111
5.93,0.998571,4.99981,-0.000246027,0.0272619,0.000185774,0.00340674,0.000797688
5.94,0.9986,4.99981,2.66E-05,0.0266857,0.000190991,0.0034086,0.000521714
5.95,0.998642,4.99981,0.000293449,0.0258514,0.000193451,0.00341051,0.000246027
5.96,0.998698,4.99981,0.000551964,0.0247726,0.000193185,0.00341244,-2.66E-05
5.97,0.998766,4.99982,0.00079969,0.023465,0.000190251,0.00341438,-0.000293449
5.98,0.998845,4.99982,0.00103434,0.0219464,0.000184731,0.00341628,-0.000551964
5.99,0.998934,4.99983,0.0012538,0.0202364,0.000176734,0.00341813,-0.00079969
6,0.999033,4.99985,0.00145617,0.018356,0.000166391,0.00341989,-0.00103434
6.01,0.999139,4.99986,0.00163973,0.0163276,0.000153853,0.00342156,-0.0012538
6.02,0.999252,4.99988,0.00180301,0.0141747,0.000139291,0.0034231,-0.00145617
6.03,0.999371,4.9999,0.00194475,0.0119215,0.000122894,0.00342449,-0.00163973
6.04,0.999494,4.99991,0.00206397,0.00959278,0.000104864,0.00342572,-0.00180301
6.05,0.999619,4.99994,0.0021599,0.00721357,8.54E-05,0.00342677,-0.00194475
6.06,0.999746,4.99996,0.00223203,0.00480895,6.48E-05,0.00342762,-0.00206397
6.07,0.999873,4.99998,0.00228012,0.00240376,4.32E-05,0.00342827,-0.0021599
6.08,0.999999,5,0.00230416,2.24E-05,2.09E-05,0.0034287,-0.00223203
6.09,1.00012,5.00002,0.00230438,-0.00231165,-1.94E-06,0.00342891,-0.00228012
6.1,1.00024,5.00005,0.00228126,-0.00457556,-2.50E-05,0.00342889,-0.00230416
6.11,1.00036,5.00007,0.00223551,-0.00674784,-4.80E-05,0.00342864,-0.00230438
6.12,1.00047,5.00009,0.00216803,-0.00880832,-7.08E-05,0.00342816,-0.00228126
6.13,1.00057,5.00011,0.00207995,-0.0107383,-9.32E-05,0.00342745,-0.00223551
6.14,1.00067,5.00014,0.00197256,-0.012521,-0.000114877,0.00342652,-0.00216803
6.15,1.00075,5.00016,0.00184735,-0.0141411,-0.000135677,0.00342537,-0.00207995
6.16,1.00083,5.00017,0.00170594,-0.0155854,-0.000155402,0.00342401,-0.00197256
6.17,1.0009,5.00019,0.00155009,-0.016843,-0.000173876,0.00342246,-0.00184735
6.18,1.00095,5.00021,0.00138166,-0.0179047,-0.000190935,0.00342072,-0.00170594
6.19,1.001,5.00022,0.00120261,-0.0187637,-0.000206436,0.00341881,-0.00155009
6.2,1.00104,5.00023,0.00101498,-0.0194154,-0.000220253,0.00341675,-0.00138166
6.21,1.00106,5.00024,0.000820822,-0.0198573,-0.000232279,0.00341454,-0.00120261
6.22,1.00107,5.00025,0.000622249,-0.0200892,-0.000242429,0.00341222,-0.00101498
6.23,1.00108,5.00026,0.000421358,-0.0201129,-0.000250637,0.0034098,-0.000820822
6.24,1.00107,5.00026,0.000220229,-0.0199323,-0.000256859,0.00340729,-0.000622249
6.25,1.00105,5.00026,2.09E-05,-0.0195535,-0.000261073,0.00340472,-0.000421358
6.26,1.00102,5.00026,-0.00017463,-0.0189843,-0.000263275,0.00340211,-0.000220229
6.27,1.00098,5.00026,-0.000364473,-0.0182343,-0.000263484,0.00339948,-2.09E-05
6.28,1.00093,5.00026,-0.000546816,-0.0173147,-0.000261738,0.00339684,0.00017463
6.29,1.00088,5.00025,-0.000719963,-0.0162383,-0.000258093,0.00339423,0.000364473
6.3,1.00081,5.00025,-0.000882347,-0.0150192,-0.000252625,0.00339165,0.000546816
6.31,1.00074,5.00024,-0.00103254,-0.0136727,-0.000245426,0.00338912,0.000719963
6.32,1.00067,5.00023,-0.00116927,-0.0122149,-0.000236602,0.00338667,0.000882347
6.33,1.00059,5.00021,-0.00129141,-0.0106628,-0.000226277,0.0033843,0.00103254
6.34,1.0005,5.0002,-0.00139804,-0.00903422,-0.000214584,0.00338204,0.00116927
6.35,1.00041,5.00019,-0.00148839,-0.00734706,-0.00020167,0.00337989,0.00129141
6.36,1.00032,5.00017,-0.00156186,-0.00561963,-0.000187689,0.00337787,0.00139804
6.37,1.00023,5.00016,-0.00161805,-0.00387024,-0.000172806,0.003376,0.00148839
6.38,1.00014,5.00014,-0.00165675,-0.00211703,-0.000157187,0.00337427,0.00156186
6.39,1.00004,5.00012,-0.00167792,-0.000377839,-0.000141007,0.0033727,0.00161805
6.4,0.999954,5.00011,-0.0016817,0.00133003,-0.000124439,0.00337129,0.00165675
6.41,0.999866,5.00009,-0.0016684,0.00298994,-0.00010766,0.00337004,0.00167792
6.42,0.999781,5.00007,-0.0016385,0.00458607,-9.08E-05,0.00336897,0.0016817
6.43,0.9997,5.00006,-0.00159264,0.00610357,-7.42E-05,0.00336806,0.0016684
6.44,0.999624,5.00004,-0.00153161,0.00752869,-5.78E-05,0.00336732,0.0016385
6.45,0.999554,5.00003,-0.00145632,0.0088489,-4.18E-05,0.00336674,0.00159264
6.46,0.99949,5.00001,-0.00136783,0.010053,-2.65E-05,0.00336632,0.00153161
6.47,0.999432,5,-0.0012673,0.0111311,-1.20E-05,0.00336605,0.00145632
6.48,0.999381,4.99999,-0.00115599,0.0120749,1.71E-06,0.00336593,0.00136783
6.49,0.999338,4.99997,-0.00103524,0.0128775,1.44E-05,0.00336595,0.0012673
6.5,0.999302,4.99996,-0.000906467,0.0135338,2.59E-05,0.0033661,0.00115599
6.51,0.999275,4.99995,-0.000771129,0.01404,3.63E-05,0.00336636,0.00103524
6.52,0.999255,4.99995,-0.000630729,0.014394,4.54E-05,0.00336672,0.000906467
6.53,0.999244,4.99994,-0.000486788,0.0145954,5.31E-05,0.00336717,0.000771129
6.54,0.99924,4.99994,-0.000340835,0.0146451,5.94E-05,0.0033677,0.000630729
6.55,0.999245,4.99993,-0.000194384,0.0145457,6.42E-05,0.0033683,0.000486788
6.56,0.999257,4.99993,-4.89E-05,0.0143013,6.77E-05,0.00336894,0.000340835
6.57,0.999276,4.99993,9.41E-05,0.0139171,6.96E-05,0.00336962,0.000194384
6.58,0.999303,4.99993,0.000233257,0.0133999,7.01E-05,0.00337031,4.89E-05
6.59,0.999336,4.99993,0.000367256,0.0127576,6.91E-05,0.00337101,-9.41E-05
6.6,0.999375,4.99994,0.000494831,0.0119991,6.68E-05,0.0033717,-0.000233257
6.61,0.999421,4.99994,0.000614823,0.0111346,6.31E-05,0.00337237,-0.000367256
6.62,0.999471,4.99995,0.000726168,0.0101747,5.82E-05,0.003373,-0.000494831
6.63,0.999525,4.99996,0.000827915,0.0091312,5.20E-05,0.00337358,-0.000614823
6.64,0.999584,4.99996,0.000919227,0.00801626,4.48E-05,0.00337411,-0.000726168
6.65,0.999646,4.99997,0.00099939,0.0068426,3.65E-05,0.00337455,-0.000827915
6.66,0.99971,4.99998,0.00106782,0.00562325,2.73E-05,0.00337492,-0.000919227
6.67,0.999776,4.99999,0.00112405,0.00437146,1.73E-05,0.00337519,-0.00099939
6.68,0.999843,5,0.00116776,0.00310054,6.64E-06,0.00337536,-0.00106782
6.69,0.99991,5.00002,0.00119877,0.00182374,-4.60E-06,0.00337543,-0.00112405
6.7,0.999977,5.00003,0.00121701,0.000554092,-1.63E-05,0.00337539,-0.00116776
6.71,1.00004,5.00004,0.00122255,-0.000695698,-2.83E-05,0.00337522,-0.00119877
6.72,1.00011,5.00005,0.00121559,-0.00191338,-4.04E-05,0.00337494,-0.00121701
6.73,1.00017,5.00006,0.00119646,-0.00308726,-5.27E-05,0.00337454,-0.00122255
6.74,1.00023,5.00008,0.00116558,-0.00420634,-6.48E-05,0.00337401,-0.00121559
6.75,1.00029,5.00009,0.00112352,-0.00526038,-7.68E-05,0.00337336,-0.00119646
6.76,1.00034,5.0001,0.00107092,-0.00624002,-8.84E-05,0.00337259,-0.00116558
6.77,1.00039,5.00011,0.00100852,-0.00713681,-9.97E-05,0.00337171,-0.00112352
6.78,1.00043,5.00012,0.000937148,-0.00794334,-0.000110381,0.00337071,-0.00107092
6.79,1.00047,5.00013,0.000857714,-0.00865326,-0.000120467,0.00336961,-0.00100852
6.8,1.0005,5.00014,0.000771182,-0.00926129,-0.000129838,0.0033684,-0.000937148
6.81,1.00053,5.00015,0.000678569,-0.00976334,-0.000138415,0.0033671,-0.000857714
6.82,1.00055,5.00015,0.000580935,-0.0101564,-0.000146127,0.00336572,-0.000771182
6.83,1.00056,5.00016,0.000479371,-0.0104388,-0.000152913,0.00336426,-0.000678569
6.84,1.00057,5.00016,0.000374983,-0.0106098,-0.000158722,0.00336273,-0.000580935
6.85,1.00058,5.00017,0.000268885,-0.0106699,-0.000163516,0.00336114,-0.000479371
6.86,1.00058,5.00017,0.000162185,-0.0106208,-0.000167266,0.00335951,-0.000374983
6.87,1.00057,5.00017,5.60E-05,-0.0104651,-0.000169954,0.00335784,-0.000268885
6.88,1.00055,5.00017,-4.87E-05,-0.0102067,-0.000171576,0.00335614,-0.000162185
6.89,1.00054,5.00017,-0.000150741,-0.00985004,-0.000172136,0.00335442,-5.60E-05
6.9,1.00051,5.00017,-0.000249241,-0.00940089,-0.000171649,0.0033527,4.87E-05
6.91,1.00049,5.00017,-0.00034325,-0.0088656,-0.000170142,0.00335098,0.000150741
6.92,1.00045,5.00016,-0.000431906,-0.00825136,-0.000167649,0.00334928,0.000249241
6.93,1.00042,5.00016,-0.00051442,-0.00756596,-0.000164217,0.0033476,0.00034325
6.94,1.00038,5.00015,-0.000590079,-0.0068178,-0.000159898,0.00334596,0.000431906
6.95,1.00034,5.00015,-0.000658257,-0.0060157,-0.000154754,0.00334436,0.00051442
6.96,1.00029,5.00014,-0.000718414,-0.00516889,-0.000148853,0.00334282,0.000590079
6.97,1.00025,5.00014,-0.000770103,-0.00428684,-0.00014227,0.00334133,0.000658257
6.98,1.0002,5.00013,-0.000812972,-0.0033792,-0.000135086,0.0033399,0.000718414
6.99,1.00015,5.00012,-0.000846764,-0.00245565,-0.000127385,0.00333855,0.000770103
7,1.0001,5.00011,-0.00087132,-0.00152589,-0.000119255,0.00333728,0.000812972
7.01,1.00005,5.0001,-0.000886579,-0.00059943,-0.000110788,0.00333609,0.000846764
7.02,1,5.00009,-0.000892573,0.000314408,-0.000102075,0.00333498,0.00087132
7.03,0.999955,5.00008,-0.000889429,0.00120664,-9.32E-05,0.00333396,0.000886579
7.04,0.99991,5.00008,-0.000877363,0.00206867,-8.43E-05,0.00333303,0.000892573
7.05,0.999866,5.00007,-0.000856676,0.00289238,-7.54E-05,0.00333218,0.000889429
7.06,0.999824,5.00006,-0.000827753,0.00367023,-6.66E-05,0.00333143,0.000877363
7.07,0.999786,5.00005,-0.00079105,0.00439527,-5.80E-05,0.00333076,0.000856676
7.08,0.99975,5.00004,-0.000747097,0.00506123,-4.98E-05,0.00333018,0.000827753
7.09,0.999718,5.00003,-0.000696485,0.00566258,-4.19E-05,0.00332969,0.00079105
7.1,0.99969,5.00003,-0.000639859,0.00619452,-3.44E-05,0.00332927,0.000747097
7.11,0.999665,5.00002,-0.000577914,0.00665308,-2.74E-05,0.00332892,0.000696485
7.12,0.999644,5.00002,-0.000511383,0.00703511,-2.10E-05,0.00332865,0.000639859
7.13,0.999628,5.00001,-0.000441032,0.00733829,-1.52E-05,0.00332844,0.000577914
7.14,0.999616,5.00001,-0.000367649,0.00756113,-1.01E-05,0.00332829,0.000511383
7.15,0.999608,5,-0.000292038,0.007703,-5.72E-06,0.00332818,0.000441032
7.16,0.999604,5,-0.000215008,0.0077641,-2.05E-06,0.00332813,0.000367649
7.17,0.999604,5,-0.000137367,0.00774543,8.74E-07,0.00332811,0.000292038
7.18,0.999609,5,-5.99E-05,0.00764878,3.02E-06,0.00332812,0.000215008
7.19,0.999618,5,1.66E-05,0.00747671,4.40E-06,0.00332815,0.000137367
7.2,0.99963,5,9.13E-05,0.00723247,5.00E-06,0.00332819,5.99E-05
7.21,0.999646,5,0.000163667,0.00691997,4.83E-06,0.00332824,-1.66E-05
7.22,0.999666,5,0.000232866,0.00654375,3.92E-06,0.00332829,-9.13E-05
7.23,0.999688,5,0.000298304,0.00610889,2.28E-06,0.00332833,-0.000163667
7.24,0.999714,5,0.000359393,0.00562097,-4.74E-08,0.00332835,-0.000232866
7.25,0.999742,5.00001,0.000415603,0.00508598,-3.03E-06,0.00332835,-0.000298304
7.26,0.999772,5.00001,0.000466462,0.00451029,-6.62E-06,0.00332832,-0.000359393
7.27,0.999804,5.00002,0.000511565,0.00390053,-1.08E-05,0.00332825,-0.000415603
7.28,0.999838,5.00002,0.000550571,0.00326355,-1.54E-05,0.00332815,-0.000466462
7.29,0.999872,5.00003,0.000583206,0.00260634,-2.06E-05,0.00332799,-0.000511565
7.3,0.999908,5.00003,0.000609269,0.00193597,-2.61E-05,0.00332779,-0.000550571
7.31,0.999943,5.00004,0.000628629,0.00125946,-3.19E-05,0.00332752,-0.000583206
7.32,0.999979,5.00004,0.000641224,0.000583807,-3.80E-05,0.00332721,-0.000609269
7.33,1.00001,5.00005,0.000647062,-8.42E-05,-4.43E-05,0.00332683,-0.000628629
7.34,1.00005,5.00006,0.00064622,-0.000737909,-5.07E-05,0.00332638,-0.000641224
7.35,1.00008,5.00006,0.000638841,-0.00137103,-5.72E-05,0.00332588,-0.000647062
7.36,1.00011,5.00007,0.000625131,-0.00197756,-6.36E-05,0.0033253,-0.00064622
7.37,1.00015,5.00008,0.000605355,-0.00255188,-7.00E-05,0.00332467,-0.000638841
7.38,1.00017,5.00008,0.000579836,-0.00308884,-7.63E-05,0.00332397,-0.000625131
7.39,1.0002,5.00009,0.000548948,-0.00358374,-8.23E-05,0.00332321,-0.000605355
7.4,1.00022,5.00009,0.00051311,-0.00403242,-8.81E-05,0.00332238,-0.000579836
7.41,1.00025,5.0001,0.000472786,-0.00443126,-9.36E-05,0.0033215,-0.000548948
7.42,1.00026,5.0001,0.000428474,-0.00477723,-9.87E-05,0.00332056,-0.00051311
7.43,1.00028,5.00011,0.000380701,-0.00506789,-0.000103463,0.00331958,-0.000472786
7.44,1.00029,5.00011,0.000330022,-0.0053014,-0.000107747,0.00331854,-0.000428474
7.45,1.0003,5.00011,0.000277008,-0.00547656,-0.000111554,0.00331747,-0.000380701
7.46,1.00031,5.00012,0.000222243,-0.00559275,-0.000114855,0.00331635,-0.000330022
7.47,1.00031,5.00012,0.000166315,-0.00565,-0.000117625,0.0033152,-0.000277008
7.48,1.00031,5.00012,0.000109815,-0.0056489,-0.000119847,0.00331403,-0.000222243
7.49,1.00031,5.00012,5.33E-05,-0.00559064,-0.00012151,0.00331283,-0.000166315
7.5,1.0003,5.00012,-2.58E-06,-0.00547696,-0.000122608,0.00331161,-0.000109815
7.51,1.0003,5.00012,-5.73E-05,-0.00531013,-0.000123142,0.00331039,-5.33E-05
7.52,1.00028,5.00012,-0.000110451,-0.00509291,-0.000123116,0.00330915,2.58E-06
7.53,1.00027,5.00012,-0.00016138,-0.00482852,-0.000122542,0.00330792,5.73E-05
7.54,1.00025,5.00012,-0.000209665,-0.00452057,-0.000121438,0.0033067,0.000110451
7.55,1.00024,5.00012,-0.000254871,-0.00417308,-0.000119824,0.00330548,0.00016138
7.56,1.00022,5.00012,-0.000296602,-0.00379034,-0.000117727,0.00330428,0.000209665
7.57,1.00019,5.00011,-0.000334505,-0.00337695,-0.000115179,0.00330311,0.000254871
7.58,1.00017,5.00011,-0.000368275,-0.00293771,-0.000112213,0.00330196,0.000296602
7.59,1.00015,5.00011,-0.000397652,-0.00247758,-0.000108868,0.00330083,0.000334505
7.6,1.00012,5.0001,-0.000422428,-0.00200166,-0.000105185,0.00329974,0.000368275
7.61,1.0001,5.0001,-0.000442444,-0.00151506,-0.000101208,0.00329869,0.000397652
7.62,1.00007,5.00009,-0.000457595,-0.00102293,-9.70E-05,0.00329768,0.000422428
7.63,1.00004,5.00009,-0.000467824,-0.000530363,-9.26E-05,0.00329671,0.000442444
7.64,1.00002,5.00008,-0.000473128,-4.24E-05,-8.80E-05,0.00329579,0.000457595
7.65,0.999993,5.00008,-0.000473551,0.000436254,-8.33E-05,0.00329491,0.000467824
7.66,0.999969,5.00007,-0.000469189,0.000900806,-7.86E-05,0.00329407,0.000473128
7.67,0.999945,5.00007,-0.000460181,0.00134689,-7.38E-05,0.00329329,0.000473551
7.68,0.999923,5.00006,-0.000446712,0.00177035,-6.91E-05,0.00329255,0.000469189
7.69,0.999902,5.00006,-0.000429008,0.00216738,-6.45E-05,0.00329186,0.000460181
7.7,0.999882,5.00006,-0.000407334,0.00253448,-6.01E-05,0.00329121,0.000446712
7.71,0.999864,5.00005,-0.00038199,0.00286854,-5.58E-05,0.00329061,0.000429008
7.72,0.999848,5.00005,-0.000353304,0.00316686,-5.17E-05,0.00329005,0.000407334
7.73,0.999834,5.00004,-0.000321636,0.00342713,-4.79E-05,0.00328954,0.00038199
7.74,0.999822,5.00004,-0.000287364,0.00364748,-4.44E-05,0.00328906,0.000353304
7.75,0.999813,5.00004,-0.00025089,0.0038265,-4.11E-05,0.00328861,0.000321636
7.76,0.999805,5.00004,-0.000212625,0.00396319,-3.83E-05,0.0032882,0.000287364
7.77,0.9998,5.00003,-0.000172993,0.00405705,-3.58E-05,0.00328782,0.00025089
7.78,0.999797,5.00003,-0.000132422,0.00410796,-3.36E-05,0.00328746,0.000212625
7.79,0.999796,5.00003,-9.13E-05,0.00411629,-3.19E-05,0.00328713,0.000172993
7.8,0.999798,5.00003,-5.02E-05,0.00408281,-3.06E-05,0.00328681,0.000132422
7.81,0.999801,5.00003,-9.35E-06,0.00400869,-2.97E-05,0.0032865,9.13E-05
7.82,0.999807,5.00003,3.07E-05,0.00389551,-2.92E-05,0.0032862,5.02E-05
7.83,0.999815,5.00003,6.97E-05,0.00374519,-2.91E-05,0.00328591,9.35E-06
7.84,0.999824,5.00003,0.000107142,0.00356,-2.94E-05,0.00328562,-3.07E-05
7.85,0.999836,5.00003,0.000142742,0.00334251,-3.01E-05,0.00328533,-6.97E-05
7.86,0.999849,5.00003,0.000176167,0.00309558,-3.11E-05,0.00328503,-0.000107142
7.87,0.999863,5.00003,0.000207123,0.00282229,-3.26E-05,0.00328472,-0.000142742
7.88,0.999878,5.00004,0.000235346,0.00252595,-3.43E-05,0.00328439,-0.000176167
7.89,0.999895,5.00004,0.000260606,0.00221,-3.64E-05,0.00328405,-0.000207123
7.9,0.999913,5.00004,0.000282706,0.00187804,-3.88E-05,0.00328368,-0.000235346
7.91,0.999931,5.00004,0.000301486,0.00153375,-4.14E-05,0.00328329,-0.000260606
7.92,0.999949,5.00005,0.000316823,0.00118086,-4.42E-05,0.00328288,-0.000282706
7.93,0.999968,5.00005,0.000328632,0.000823114,-4.72E-05,0.00328244,-0.000301486
7.94,0.999987,5.00005,0.000336863,0.000464233,-5.04E-05,0.00328197,-0.000316823
7.95,1.00001,5.00006,0.000341505,0.000107869,-5.37E-05,0.00328146,-0.000328632
7.96,1.00002,5.00006,0.000342584,-0.000242422,-5.70E-05,0.00328093,-0.000336863
7.97,1.00004,5.00006,0.00034016,-0.000583218,-6.04E-05,0.00328036,-0.000341505
7.98,1.00006,5.00007,0.000334328,-0.00091126,-6.39E-05,0.00327975,-0.000342584
7.99,1.00008,5.00007,0.000325215,-0.00122348,-6.73E-05,0.00327911,-0.00034016
8,1.00009,5.00007,0.00031298,-0.00151705,-7.06E-05,0.00327844,-0.000334328
8.01,1.00011,5.00008,0.00029781,-0.00178935,-7.39E-05,0.00327773,-0.000325215
8.02,1.00012,5.00008,0.000279916,-0.00203808,-7.70E-05,0.00327699,-0.00031298
8.03,1.00013,5.00008,0.000259536,-0.00226117,-8.00E-05,0.00327622,-0.00029781
8.04,1.00014,5.00009,0.000236924,-0.00245689,-8.28E-05,0.00327542,-0.000279916
8.05,1.00015,5.00009,0.000212355,-0.00262381,-8.54E-05,0.0032746,-0.000259536
8.06,1.00016,5.00009,0.000186117,-0.00276081,-8.77E-05,0.00327374,-0.000236924
8.07,1.00016,5.00009,0.000158509,-0.00286712,-8.99E-05,0.00327287,-0.000212355
8.08,1.00017,5.00009,0.000129838,-0.00294227,-9.17E-05,0.00327197,-0.000186117
8.09,1.00017,5.00009,0.000100415,-0.00298612,-9.33E-05,0.00327105,-0.000158509
8.1,1.00017,5.0001,7.06E-05,-0.00299888,-9.46E-05,0.00327012,-0.000129838
8.11,1.00017,5.0001,4.06E-05,-0.00298102,-9.56E-05,0.00326917,-0.000100415
8.12,1.00017,5.0001,1.08E-05,-0.00293335,-9.63E-05,0.00326821,-7.06E-05
8.13,1.00017,5.0001,-1.86E-05,-0.00285695,-9.67E-05,0.00326725,-4.06E-05
8.14,1.00016,5.0001,-4.71E-05,-0.00275318,-9.68E-05,0.00326628,-1.08E-05
8.15,1.00015,5.0001,-7.47E-05,-0.00262363,-9.66E-05,0.00326532,1.86E-05
8.16,1.00015,5.0001,-0.000100916,-0.00247013,-9.62E-05,0.00326435,4.71E-05
8.17,1.00014,5.00009,-0.000125618,-0.00229472,-9.54E-05,0.00326339,7.47E-05
8.18,1.00013,5.00009,-0.000148565,-0.00209962,-9.44E-05,0.00326243,0.000100916
8.19,1.00011,5.00009,-0.000169561,-0.0018872,-9.32E-05,0.00326149,0.000125618
8.2,1.0001,5.00009,-0.000188433,-0.00165996,-9.17E-05,0.00326056,0.000148565
8.21,1.00009,5.00009,-0.000205033,-0.00142049,-9.00E-05,0.00325964,0.000169561
8.22,1.00008,5.00009,-0.000219238,-0.00117147,-8.81E-05,0.00325874,0.000188433
8.23,1.00006,5.00008,-0.000230952,-0.000915604,-8.60E-05,0.00325786,0.000205033
8.24,1.00005,5.00008,-0.000240109,-0.000655626,-8.39E-05,0.003257,0.000219238
8.25,1.00004,5.00008,-0.000246665,-0.000394247,-8.15E-05,0.00325616,0.000230952
8.26,1.00002,5.00008,-0.000250607,-0.000134141,-7.91E-05,0.00325535,0.000240109
8.27,1.00001,5.00007,-0.000251949,0.000122086,-7.67E-05,0.00325455,0.000246665
8.28,0.999995,5.00007,-0.000250728,0.000371919,-7.42E-05,0.00325379,0.000250607
8.29,0.999983,5.00007,-0.000247009,0.000612959,-7.17E-05,0.00325305,0.000251949
8.3,0.99997,5.00007,-0.000240879,0.000842944,-6.91E-05,0.00325233,0.000250728
8.31,0.999959,5.00006,-0.00023245,0.00105977,-6.67E-05,0.00325164,0.000247009
8.32,0.999948,5.00006,-0.000221852,0.00126151,-6.43E-05,0.00325097,0.000240879
8.33,0.999938,5.00006,-0.000209237,0.00144642,-6.19E-05,0.00325033,0.00023245
8.34,0.999929,5.00006,-0.000194773,0.00161297,-5.97E-05,0.00324971,0.000221852
8.35,0.999921,5.00006,-0.000178643,0.00175985,-5.76E-05,0.00324911,0.000209237
8.36,0.999915,5.00005,-0.000161044,0.00188597,-5.57E-05,0.00324853,0.000194773
8.37,0.999909,5.00005,-0.000142185,0.00199047,-5.39E-05,0.00324798,0.000178643
8.38,0.999904,5.00005,-0.00012228,0.00207272,-5.23E-05,0.00324744,0.000161044
8.39,0.999901,5.00005,-0.000101553,0.00213235,-5.09E-05,0.00324692,0.000142185
8.4,0.999899,5.00005,-8.02E-05,0.0021692,-4.96E-05,0.00324641,0.00012228
8.41,0.999898,5.00005,-5.85E-05,0.00218336,-4.86E-05,0.00324591,0.000101553
8.42,0.999899,5.00005,-3.67E-05,0.00217515,-4.78E-05,0.00324542,8.02E-05
8.43,0.9999,5.00005,-1.50E-05,0.00214509,-4.72E-05,0.00324495,5.85E-05
8.44,0.999903,5.00005,6.50E-06,0.00209393,-4.69E-05,0.00324447,3.67E-05
8.45,0.999906,5.00005,2.74E-05,0.00202261,-4.67E-05,0.00324401,1.50E-05
8.46,0.999911,5.00005,4.77E-05,0.00193226,-4.68E-05,0.00324354,-6.50E-06
8.47,0.999916,5.00005,6.70E-05,0.00182418,-4.71E-05,0.00324307,-2.74E-05
8.48,0.999923,5.00005,8.52E-05,0.00169982,-4.75E-05,0.0032426,-4.77E-05
8.49,0.99993,5.00005,0.000102227,0.00156075,-4.82E-05,0.00324212,-6.70E-05
8.5,0.999938,5.00005,0.000117834,0.00140869,-4.91E-05,0.00324164,-8.52E-05
8.51,0.999947,5.00005,0.000131921,0.00124544,-5.01E-05,0.00324115,-0.000102227
8.52,0.999956,5.00005,0.000144376,0.00107286,-5.13E-05,0.00324065,-0.000117834
8.53,0.999965,5.00005,0.000155104,0.000892901,-5.26E-05,0.00324014,-0.000131921
8.54,0.999975,5.00006,0.000164033,0.000707525,-5.40E-05,0.00323961,-0.000144376
8.55,0.999985,5.00006,0.000171109,0.000518717,-5.56E-05,0.00323907,-0.000155104
8.56,0.999995,5.00006,0.000176296,0.000328458,-5.72E-05,0.00323852,-0.000164033
8.57,1.00001,5.00006,0.00017958,0.000138702,-5.89E-05,0.00323794,-0.000171109
8.58,1.00001,5.00006,0.000180967,-4.86E-05,-6.07E-05,0.00323735,-0.000176296
8.59,1.00002,5.00006,0.000180481,-0.000231724,-6.25E-05,0.00323675,-0.00017958
8.6,1.00003,5.00007,0.000178164,-0.00040878,-6.43E-05,0.00323612,-0.000180967
8.61,1.00004,5.00007,0.000174076,-0.000578137,-6.61E-05,0.00323548,-0.000180481
8.62,1.00005,5.00007,0.000168294,-0.000738237,-6.79E-05,0.00323482,-0.000178164
8.63,1.00006,5.00007,0.000160912,-0.000887646,-6.96E-05,0.00323414,-0.000174076
8.64,1.00007,5.00007,0.000152036,-0.00102507,-7.13E-05,0.00323344,-0.000168294
8.65,1.00007,5.00007,0.000141785,-0.00114935,-7.29E-05,0.00323273,-0.000160912
8.66,1.00008,5.00008,0.000130292,-0.0012595,-7.44E-05,0.003232,-0.000152036
8.67,1.00008,5.00008,0.000117697,-0.00135468,-7.59E-05,0.00323126,-0.000141785
8.68,1.00009,5.00008,0.00010415,-0.00143425,-7.72E-05,0.0032305,-0.000130292
8.69,1.00009,5.00008,8.98E-05,-0.00149769,-7.83E-05,0.00322973,-0.000117697
8.7,1.00009,5.00008,7.48E-05,-0.00154471,-7.94E-05,0.00322894,-0.00010415
8.71,1.0001,5.00008,5.94E-05,-0.00157514,-8.03E-05,0.00322815,-8.98E-05
8.72,1.0001,5.00008,4.36E-05,-0.00158902,-8.10E-05,0.00322735,-7.48E-05
8.73,1.0001,5.00008,2.77E-05,-0.00158654,-8.16E-05,0.00322654,-5.94E-05
8.74,1.0001,5.00008,1.19E-05,-0.00156805,-8.21E-05,0.00322572,-4.36E-05
8.75,1.00009,5.00008,-3.80E-06,-0.00153406,-8.23E-05,0.0032249,-2.77E-05
8.76,1.00009,5.00008,-1.91E-05,-0.00148524,-8.24E-05,0.00322408,-1.19E-05
8.77,1.00009,5.00008,-3.40E-05,-0.00142236,-8.24E-05,0.00322325,3.80E-06
8.78,1.00009,5.00008,-4.82E-05,-0.00134636,-8.22E-05,0.00322243,1.91E-05
8.79,1.00008,5.00008,-6.17E-05,-0.00125826,-8.19E-05,0.00322161,3.40E-05
8.8,1.00008,5.00008,-7.43E-05,-0.00115919,-8.14E-05,0.00322079,4.82E-05
8.81,1.00007,5.00008,-8.59E-05,-0.0010504,-8.08E-05,0.00321997,6.17E-05
8.82,1.00006,5.00008,-9.64E-05,-0.000933156,-8.00E-05,0.00321917,7.43E-05
8.83,1.00006,5.00008,-0.000105694,-0.000808832,-7.92E-05,0.00321837,8.59E-05
8.84,1.00005,5.00008,-0.000113783,-0.000678825,-7.82E-05,0.00321757,9.64E-05
8.85,1.00004,5.00008,-0.000120571,-0.000544565,-7.72E-05,0.00321679,0.000105694
8.86,1.00004,5.00007,-0.000126017,-0.000407496,-7.60E-05,0.00321602,0.000113783
8.87,1.00003,5.00007,-0.000130092,-0.000269062,-7.48E-05,0.00321526,0.000120571
8.88,1.00002,5.00007,-0.000132782,-0.000130692,-7.36E-05,0.00321451,0.000126017
8.89,1.00001,5.00007,-0.000134089,6.22E-06,-7.23E-05,0.00321378,0.000130092
8.9,1.00001,5.00007,-0.000134027,0.000140306,-7.09E-05,0.00321305,0.000132782
8.91,1,5.00007,-0.000132624,0.000270278,-6.96E-05,0.00321234,0.000134089
8.92,0.999993,5.00007,-0.000129921,0.000394899,-6.82E-05,0.00321165,0.000134027
8.93,0.999987,5.00007,-0.000125972,0.000513016,-6.69E-05,0.00321097,0.000132624
8.94,0.999981,5.00006,-0.000120842,0.000623564,-6.56E-05,0.0032103,0.000129921
8.95,0.999976,5.00006,-0.000114606,0.000725579,-6.44E-05,0.00320964,0.000125972
8.96,0.999971,5.00006,-0.000107351,0.000818198,-6.32E-05,0.003209,0.000120842
8.97,0.999966,5.00006,-9.92E-05,0.000900674,-6.20E-05,0.00320837,0.000114606
8.98,0.999962,5.00006,-9.02E-05,0.000972377,-6.09E-05,0.00320775,0.000107351
8.99,0.999959,5.00006,-8.04E-05,0.0010328,-5.99E-05,0.00320714,9.92E-05
9,0.999957,5.00006,-7.01E-05,0.00108155,-5.90E-05,0.00320654,9.02E-05
9.01,0.999954,5.00006,-5.93E-05,0.00111838,-5.82E-05,0.00320595,8.04E-05
9.02,0.999953,5.00006,-4.81E-05,0.00114315,-5.75E-05,0.00320536,7.01E-05
9.03,0.999952,5.00006,-3.67E-05,0.00115586,-5.69E-05,0.00320479,5.93E-05
9.04,0.999952,5.00006,-2.51E-05,0.00115661,-5.65E-05,0.00320422,4.81E-05
9.05,0.999953,5.00006,-1.36E-05,0.00114565,-5.61E-05,0.00320365,3.67E-05
9.06,0.999954,5.00006,-2.10E-06,0.00112331,-5.58E-05,0.00320309,2.51E-05
9.07,0.999956,5.00006,9.14E-06,0.00109006,-5.57E-05,0.00320254,1.36E-05
9.08,0.999958,5.00006,2.00E-05,0.00104645,-5.57E-05,0.00320198,2.10E-06
9.09,0.999961,5.00006,3.05E-05,0.000993122,-5.58E-05,0.00320142,-9.14E-06
9.1,0.999964,5.00006,4.04E-05,0.000930821,-5.60E-05,0.00320086,-2.00E-05
9.11,0.999967,5.00006,4.97E-05,0.000860354,-5.63E-05,0.0032003,-3.05E-05
9.12,0.999972,5.00006,5.83E-05,0.000782599,-5.67E-05,0.00319974,-4.04E-05
9.13,0.999976,5.00006,6.62E-05,0.000698489,-5.72E-05,0.00319917,-4.97E-05
9.14,0.999981,5.00006,7.32E-05,0.000609003,-5.78E-05,0.0031986,-5.83E-05
9.15,0.999986,5.00006,7.92E-05,0.000515155,-5.84E-05,0.00319803,-6.62E-05
9.16,0.999991,5.00006,8.44E-05,0.000417982,-5.92E-05,0.00319744,-7.32E-05
9.17,0.999996,5.00006,8.86E-05,0.000318534,-6.00E-05,0.00319685,-7.92E-05
9.18,1,5.00006,9.18E-05,0.000217864,-6.08E-05,0.00319625,-8.44E-05
9.19,1.00001,5.00006,9.39E-05,0.000117014,-6.17E-05,0.00319564,-8.86E-05
9.2,1.00001,5.00006,9.51E-05,1.70E-05,-6.26E-05,0.00319503,-9.18E-05
9.21,1.00002,5.00006,9.53E-05,-8.12E-05,-6.35E-05,0.0031944,-9.39E-05
9.22,1.00002,5.00007,9.45E-05,-0.000176524,-6.45E-05,0.00319376,-9.51E-05
9.23,1.00003,5.00007,9.27E-05,-0.000268188,-6.54E-05,0.00319312,-9.53E-05
9.24,1.00003,5.00007,9.00E-05,-0.000355293,-6.64E-05,0.00319246,-9.45E-05
9.25,1.00004,5.00007,8.65E-05,-0.00043705,-6.73E-05,0.0031918,-9.27E-05
9.26,1.00004,5.00007,8.21E-05,-0.00051274,-6.82E-05,0.00319113,-9.00E-05
9.27,1.00004,5.00007,7.70E-05,-0.000581717,-6.91E-05,0.00319045,-8.65E-05
9.28,1.00005,5.00007,7.12E-05,-0.00064342,-6.99E-05,0.00318975,-8.21E-05
9.29,1.00005,5.00007,6.47E-05,-0.00069737,-7.07E-05,0.00318906,-7.70E-05
9.3,1.00005,5.00007,5.77E-05,-0.000743177,-7.14E-05,0.00318835,-7.12E-05
9.31,1.00005,5.00007,5.03E-05,-0.00078054,-7.20E-05,0.00318764,-6.47E-05
9.32,1.00006,5.00007,4.25E-05,-0.000809253,-7.26E-05,0.00318691,-5.77E-05
9.33,1.00006,5.00007,3.44E-05,-0.000829199,-7.31E-05,0.00318619,-5.03E-05
9.34,1.00006,5.00007,2.61E-05,-0.000840351,-7.35E-05,0.00318546,-4.25E-05
9.35,1.00006,5.00007,1.77E-05,-0.000842774,-7.39E-05,0.00318472,-3.44E-05
9.36,1.00006,5.00007,9.29E-06,-0.000836619,-7.41E-05,0.00318398,-2.61E-05
9.37,1.00006,5.00007,9.26E-07,-0.000822122,-7.43E-05,0.00318324,-1.77E-05
9.38,1.00006,5.00007,-7.30E-06,-0.000799595,-7.44E-05,0.0031825,-9.29E-06
9.39,1.00005,5.00007,-1.53E-05,-0.000769431,-7.44E-05,0.00318175,-9.26E-07
9.4,1.00005,5.00007,-2.30E-05,-0.000732086,-7.43E-05,0.00318101,7.30E-06
9.41,1.00005,5.00007,-3.03E-05,-0.000688084,-7.42E-05,0.00318027,1.53E-05
9.42,1.00005,5.00007,-3.72E-05,-0.000638004,-7.40E-05,0.00317953,2.30E-05
9.43,1.00004,5.00007,-4.36E-05,-0.000582474,-7.37E-05,0.00317879,3.03E-05
9.44,1.00004,5.00007,-4.94E-05,-0.000522168,-7.33E-05,0.00317805,3.72E-05
9.45,1.00004,5.00007,-5.46E-05,-0.000457791,-7.29E-05,0.00317732,4.36E-05
9.46,1.00003,5.00007,-5.92E-05,-0.000390076,-7.24E-05,0.00317659,4.94E-05
9.47,1.00003,5.00007,-6.31E-05,-0.000319776,-7.18E-05,0.00317586,5.46E-05
9.48,1.00003,5.00007,-6.63E-05,-0.000247655,-7.12E-05,0.00317515,5.92E-05
9.49,1.00002,5.00007,-6.88E-05,-0.000174478,-7.06E-05,0.00317443,6.31E-05
9.5,1.00002,5.00007,-7.05E-05,-0.000101009,-6.99E-05,0.00317373,6.63E-05
9.51,1.00002,5.00007,-7.15E-05,-2.80E-05,-6.92E-05,0.00317303,6.88E-05
9.52,1.00001,5.00007,-7.18E-05,4.38E-05,-6.85E-05,0.00317234,7.05E-05
9.53,1.00001,5.00007,-7.14E-05,0.000113772,-6.78E-05,0.00317165,7.15E-05
9.54,1,5.00007,-7.02E-05,0.000181152,-6.71E-05,0.00317097,7.18E-05
9.55,1,5.00007,-6.84E-05,0.000245344,-6.64E-05,0.0031703,7.14E-05
9.56,0.999997,5.00006,-6.60E-05,0.000305761,-6.57E-05,0.00316964,7.02E-05
9.57,0.999994,5.00006,-6.29E-05,0.000361869,-6.50E-05,0.00316898,6.84E-05
9.58,0.999992,5.00006,-5.93E-05,0.000413186,-6.43E-05,0.00316833,6.60E-05
9.59,0.999989,5.00006,-5.52E-05,0.00045929,-6.37E-05,0.00316769,6.29E-05
9.6,0.999987,5.00006,-5.06E-05,0.000499819,-6.31E-05,0.00316705,5.93E-05
9.61,0.999985,5.00006,-4.56E-05,0.000534474,-6.26E-05,0.00316642,5.52E-05
9.62,0.999984,5.00006,-4.02E-05,0.000563024,-6.21E-05,0.00316579,5.06E-05
9.63,0.999982,5.00006,-3.46E-05,0.000585303,-6.16E-05,0.00316517,4.56E-05
9.64,0.999982,5.00006,-2.87E-05,0.00060121,-6.12E-05,0.00316456,4.02E-05
9.65,0.999981,5.00006,-2.27E-05,0.000610714,-6.09E-05,0.00316395,3.46E-05
9.66,0.999981,5.00006,-1.66E-05,0.000613848,-6.06E-05,0.00316334,2.87E-05
9.67,0.999981,5.00006,-1.05E-05,0.000610706,-6.03E-05,0.00316273,2.27E-05
9.68,0.999981,5.00006,-4.37E-06,0.000601449,-6.02E-05,0.00316213,1.66E-05
9.69,0.999982,5.00006,1.65E-06,0.000586292,-6.01E-05,0.00316153,1.05E-05
9.7,0.999983,5.00006,7.51E-06,0.000565507,-6.00E-05,0.00316092,4.37E-06
9.71,0.999985,5.00006,1.32E-05,0.000539418,-6.00E-05,0.00316032,-1.65E-06
9.72,0.999986,5.00006,1.86E-05,0.000508396,-6.01E-05,0.00315972,-7.51E-06
9.73,0.999988,5.00006,2.36E-05,0.000472854,-6.03E-05,0.00315912,-1.32E-05
9.74,0.99999,5.00006,2.84E-05,0.000433242,-6.04E-05,0.00315852,-1.86E-05
9.75,0.999992,5.00006,3.27E-05,0.000390043,-6.07E-05,0.00315792,-2.36E-05
9.76,0.999995,5.00006,3.66E-05,0.000343767,-6.10E-05,0.00315731,-2.84E-05
9.77,0.999997,5.00006,4.00E-05,0.000294943,-6.13E-05,0.0031567,-3.27E-05
9.78,1,5.00006,4.30E-05,0.000244117,-6.17E-05,0.00315609,-3.66E-05
9.79,1,5.00006,4.54E-05,0.000191844,-6.21E-05,0.00315547,-4.00E-05
9.8,1.00001,5.00006,4.74E-05,0.000138681,-6.25E-05,0.00315485,-4.30E-05
9.81,1.00001,5.00006,4.87E-05,8.52E-05,-6.29E-05,0.00315423,-4.54E-05
9.82,1.00001,5.00006,4.96E-05,3.19E-05,-6.34E-05,0.0031536,-4.74E-05
9.83,1.00001,5.00006,4.99E-05,-2.06E-05,-6.39E-05,0.00315296,-4.87E-05
9.84,1.00002,5.00006,4.97E-05,-7.19E-05,-6.44E-05,0.00315232,-4.96E-05
9.85,1.00002,5.00007,4.90E-05,-0.000121404,-6.49E-05,0.00315168,-4.99E-05
9.86,1.00002,5.00007,4.78E-05,-0.000168686,-6.54E-05,0.00315103,-4.97E-05
9.87,1.00002,5.00007,4.61E-05,-0.00021331,-6.59E-05,0.00315038,-4.90E-05
9.88,1.00003,5.00007,4.39E-05,-0.000254877,-6.64E-05,0.00314972,-4.78E-05
9.89,1.00003,5.00007,4.14E-05,-0.000293029,-6.68E-05,0.00314905,-4.61E-05
9.9,1.00003,5.00007,3.85E-05,-0.000327447,-6.73E-05,0.00314839,-4.39E-05
9.91,1.00003,5.00007,3.52E-05,-0.000357858,-6.77E-05,0.00314771,-4.14E-05
9.92,1.00003,5.00007,3.16E-05,-0.000384036,-6.81E-05,0.00314704,-3.85E-05
9.93,1.00003,5.00007,2.78E-05,-0.000405801,-6.84E-05,0.00314636,-3.52E-05
9.94,1.00004,5.00007,2.37E-05,-0.000423021,-6.87E-05,0.00314567,-3.16E-05
9.95,1.00004,5.00007,1.95E-05,-0.000435613,-6.90E-05,0.00314498,-2.78E-05
9.96,1.00004,5.00007,1.51E-05,-0.000443544,-6.92E-05,0.00314429,-2.37E-05
9.97,1.00004,5.00007,1.07E-05,-0.000446826,-6.94E-05,0.0031436,-1.95E-05
9.98,1.00004,5.00007,6.23E-06,-0.000445519,-6.96E-05,0.00314291,-1.51E-05
9.99,1.00004,5.00007,1.77E-06,-0.000439731,-6.97E-05,0.00314221,-1.07E-05
10,1.00004,5.00007,-2.62E-06,-0.000429608,-6.98E-05,0.00314151,-6.23E-06
